timestamp,id_mercado,id_liga,momio_1,momio_2,momio_3,vig_pct,tendencia_1,tendencia_2,tendencia_3
2026-06-26T23:13:28.615342,881943435,31905159,1.142,5.4,26.0,9.93,INCR,DECR,INCR
2026-06-26T23:14:58.636818,882043742,31908190,1.6,3.6,4.75,11.33,INCR,DECR,INCR
2026-06-26T23:14:58.636883,882049625,31908321,1.285,5.0,8.75,9.25,DECR,DECR,INCR
2026-06-26T23:15:28.641856,882043742,31908190,1.55,3.55,5.1,12.29,DECR,DECR,INCR
2026-06-26T23:15:58.649588,881943435,31905159,1.125,5.6,31.0,9.97,INCR,DECR,INCR
2026-06-26T23:16:28.653455,882049625,31908321,1.285,5.0,8.6,9.45,DECR,INCR,INCR
2026-06-26T23:16:28.653516,881943435,31905159,1.166,5.4,19.0,9.54,INCR,INCR,DECR
2026-06-26T23:16:58.656917,881943435,31905159,1.166,5.2,18.0,10.55,INCR,DECR,DECR
2026-06-26T23:17:58.605698,881943435,31905159,1.153,5.4,20.0,10.25,INCR,DECR,INCR
2026-06-26T23:18:28.608148,882043835,31908201,2.2,2.7,3.45,11.48,INCR,INCR,DECR
2026-06-26T23:18:28.608225,881943435,31905159,1.166,5.25,19.0,10.07,DECR,INCR,DECR
2026-06-26T23:18:58.610310,881943435,31905159,1.153,5.4,20.0,10.25,DECR,INCR,DECR
2026-06-26T23:18:58.610355,882049625,31908321,1.3,4.75,8.4,9.88,DECR,DECR,INCR
2026-06-26T23:18:58.610382,882043835,31908201,2.25,2.65,3.3,12.48,INCR,DECR,DECR
2026-06-26T23:19:28.613055,881943435,31905159,1.133,5.75,21.0,10.41,INCR,DECR,INCR
2026-06-26T23:20:28.619312,882049625,31908321,1.285,4.75,9.2,9.74,INCR,INCR,DECR
2026-06-26T23:20:58.624189,882049625,31908321,1.3,4.5,8.5,10.91,DECR,DECR,INCR
2026-06-26T23:21:28.625781,882049625,31908321,1.363,4.4,7.25,9.89,DECR,DECR,INCR
2026-06-26T23:21:28.625822,881943435,31905159,1.125,6.0,23.0,9.9,INCR,DECR,INCR
2026-06-26T23:21:28.625844,882043835,31908201,2.2,2.7,3.45,11.48,DECR,INCR,INCR
2026-06-26T23:21:58.627628,882049625,31908321,1.4,4.333,6.8,9.21,DECR,DECR,INCR
2026-06-26T23:21:58.627689,881943435,31905159,1.125,5.8,23.0,10.48,DECR,DECR,DECR
2026-06-26T23:22:28.630001,881943435,31905159,1.111,6.25,26.0,9.86,INCR,DECR,INCR
2026-06-26T23:24:28.635537,881943435,31905159,1.111,6.25,26.0,9.86,INCR,DECR,DECR
2026-06-26T23:24:58.641740,881943435,31905159,1.1,6.6,29.0,9.51,INCR,INCR,INCR
2026-06-26T23:25:28.648569,882049625,31908321,1.4,4.1,6.75,10.63,INCR,DECR,DECR
2026-06-26T23:25:58.652577,881943435,31905159,1.071,7.25,31.0,10.39,DECR,INCR,INCR
2026-06-26T23:26:28.655401,882043742,31908190,1.615,3.4,4.8,12.16,DECR,INCR,DECR
2026-06-26T23:26:28.655466,882049625,31908321,1.4,4.1,7.0,10.1,DECR,DECR,INCR
2026-06-26T23:26:58.658315,881943435,31905159,1.071,7.5,31.0,9.93,DECR,DECR,INCR
2026-06-26T23:27:58.691014,881943435,31905159,1.05,8.2,34.0,10.37,INCR,INCR,DECR
2026-06-26T23:28:28.701484,882049625,31908321,1.444,4.1,6.5,9.03,INCR,DECR,INCR
2026-06-26T23:29:28.703904,882049625,31908321,1.444,4.0,6.75,9.07,DECR,INCR,INCR
2026-06-26T23:30:58.768107,882049625,31908321,1.48,3.9,6.2,9.34,INCR,DECR,DECR
2026-06-26T23:31:28.773443,882049625,31908321,1.45,3.9,6.4,10.23,INCR,DECR,INCR
2026-06-26T23:33:28.856919,882049625,31908321,1.4,4.0,7.5,9.76,INCR,INCR,DECR
2026-06-26T23:35:58.871819,884828876,31991011,1.062,6.4,41.0,12.23,INCR,DECR,INCR
2026-06-26T23:35:58.872191,882049625,31908321,1.444,3.75,7.0,10.2,DECR,DECR,INCR
2026-06-26T23:36:28.879448,884828876,31991011,1.083,6.0,34.0,11.94,DECR,INCR,DECR
2026-06-26T23:36:28.879497,882043742,31908190,1.6,3.4,5.0,11.91,DECR,DECR,INCR
2026-06-26T23:36:28.879527,882049625,31908321,1.4,3.85,7.6,10.56,INCR,INCR,DECR
2026-06-26T23:36:58.882674,882049625,31908321,1.444,3.7,7.4,9.79,DECR,DECR,INCR
2026-06-26T23:37:28.886781,882049625,31908321,1.4,3.9,7.6,10.23,INCR,INCR,DECR
2026-06-26T23:37:58.890595,882058544,31908583,1.533,4.1,4.6,11.36,INCR,INCR,DECR
2026-06-26T23:37:58.890662,884828876,31991011,1.071,6.2,41.0,11.94,INCR,DECR,INCR
2026-06-26T23:37:58.890697,882049625,31908321,1.4,3.9,7.6,10.23,INCR,INCR,DECR
2026-06-26T23:37:58.890725,882043742,31908190,1.6,3.35,5.1,11.96,DECR,INCR,DECR
2026-06-26T23:38:28.915941,882043742,31908190,1.666,3.3,4.6,12.07,DECR,DECR,INCR
2026-06-26T23:38:28.916007,882049625,31908321,1.444,3.75,7.0,10.2,DECR,DECR,INCR
2026-06-26T23:38:28.916048,882058544,31908583,1.55,4.0,4.4,12.24,DECR,INCR,DECR
2026-06-26T23:38:58.925268,882043742,31908190,1.6,3.4,5.0,11.91,INCR,DECR,INCR
2026-06-26T23:39:28.927237,884828876,31991011,1.727,2.3,9.75,11.64,DECR,INCR,INCR
2026-06-26T23:39:58.937652,884828876,31991011,1.75,2.333,8.4,11.91,INCR,DECR,DECR
2026-06-26T23:40:28.948071,884828876,31991011,1.727,2.35,9.0,11.57,INCR,INCR,DECR
2026-06-26T23:40:58.952704,882049625,31908321,1.48,3.55,7.0,10.02,DECR,DECR,INCR
2026-06-26T23:40:58.952793,882043742,31908190,1.55,3.4,5.4,12.45,INCR,DECR,INCR
2026-06-26T23:40:58.952871,884828876,31991011,1.7,2.3,10.5,11.83,INCR,INCR,DECR
2026-06-26T23:41:28.954857,882049625,31908321,1.444,3.7,7.4,9.79,DECR,DECR,INCR
2026-06-26T23:41:28.954892,884828876,31991011,1.68,2.45,8.6,11.97,DECR,INCR,INCR
2026-06-26T23:41:58.958341,884828876,31991011,1.05,6.8,56.0,11.73,INCR,DECR,INCR
2026-06-26T23:42:28.964797,884828876,31991011,1.03,7.4,67.0,12.09,INCR,INCR,DECR
2026-06-26T23:42:58.969562,882049625,31908321,1.48,3.55,7.2,9.63,DECR,DECR,INCR
2026-06-26T23:42:58.969612,884828876,31991011,1.04,7.0,61.0,12.08,INCR,INCR,DECR
2026-06-26T23:43:28.974001,884828876,31991011,1.05,6.8,56.0,11.73,DECR,DECR,INCR
2026-06-26T23:43:28.974069,882043742,31908190,1.45,3.55,6.5,12.52,INCR,DECR,INCR
2026-06-26T23:43:28.974103,882058544,31908583,1.571,3.95,4.333,12.05,DECR,DECR,INCR
2026-06-26T23:43:58.978332,884828876,31991011,1.062,6.5,51.0,11.51,DECR,DECR,INCR
2026-06-26T23:44:59.086203,882049625,31908321,1.1,7.0,21.0,9.96,INCR,INCR,DECR
2026-06-26T23:45:29.094801,882049625,31908321,1.125,6.4,19.0,9.78,DECR,DECR,INCR
2026-06-26T23:45:59.098303,884828876,31991011,1.05,6.6,56.0,12.18,INCR,INCR,DECR
2026-06-26T23:45:59.098376,882058544,31908583,1.55,3.9,4.5,12.38,INCR,DECR,DECR
2026-06-26T23:45:59.098411,882049625,31908321,1.55,3.25,6.6,10.44,DECR,DECR,INCR
2026-06-26T23:46:29.102901,882049625,31908321,1.55,3.3,6.6,9.97,DECR,DECR,INCR
2026-06-26T23:46:29.102962,882043835,31908201,2.333,2.375,3.7,12.0,DECR,INCR,INCR
2026-06-26T23:46:29.103006,884828876,31991011,1.062,6.2,51.0,12.25,INCR,INCR,DECR
2026-06-26T23:46:59.105800,884828876,31991011,1.05,6.6,56.0,12.18,INCR,INCR,DECR
2026-06-26T23:46:59.105849,882049625,31908321,1.65,2.95,6.4,10.13,DECR,INCR,DECR
2026-06-26T23:47:29.109762,884828876,31991011,1.062,6.4,56.0,11.57,DECR,DECR,INCR
2026-06-26T23:47:29.109823,882043835,31908201,2.3,2.5,3.5,12.05,DECR,DECR,INCR
2026-06-26T23:47:59.115635,884828876,31991011,1.04,7.0,67.0,11.93,DECR,DECR,DECR
2026-06-26T23:47:59.115699,882049625,31908321,1.533,3.3,7.0,9.82,INCR,INCR,DECR
2026-06-26T23:48:29.118545,882058544,31908583,1.6,3.8,4.333,11.89,DECR,INCR,DECR
2026-06-26T23:48:29.118611,884828876,31991011,1.04,7.0,67.0,11.93,DECR,INCR,DECR
2026-06-26T23:48:59.122048,882049625,31908321,1.5,3.35,7.5,9.85,INCR,INCR,DECR
2026-06-26T23:48:59.122236,884828876,31991011,1.03,7.4,76.0,11.92,INCR,INCR,DECR
2026-06-26T23:49:29.126901,884828876,31991011,1.03,7.25,76.0,12.2,INCR,DECR,INCR
2026-06-26T23:50:29.133850,884828876,31991011,1.025,7.5,81.0,12.13,INCR,INCR,DECR
2026-06-26T23:50:59.138353,884828876,31991011,1.03,7.4,81.0,11.84,INCR,DECR,DECR
2026-06-26T23:51:29.184569,884828876,31991011,1.015,8.0,101.0,12.01,INCR,DECR,INCR
2026-06-26T23:51:59.188058,884828876,31991011,1.015,8.2,101.0,11.71,INCR,INCR,DECR
2026-06-26T23:51:59.188106,882043835,31908201,2.15,2.55,3.9,11.37,INCR,DECR,INCR
2026-06-26T23:51:59.188137,882043742,31908190,1.333,3.8,9.6,11.75,INCR,DECR,INCR
2026-06-26T23:52:29.192182,884828876,31991011,1.01,8.4,101.0,11.9,DECR,INCR,INCR
2026-06-26T23:52:59.199999,884828876,31991011,1.015,8.2,101.0,11.71,INCR,INCR,DECR
2026-06-26T23:53:29.203986,884828876,31991011,1.01,8.2,101.0,12.2,INCR,INCR,DECR
2026-06-26T23:53:59.207906,882043835,31908201,2.05,2.7,3.8,12.13,INCR,DECR,DECR
2026-06-26T23:53:59.207998,882043742,31908190,1.3,3.85,10.5,12.42,INCR,INCR,DECR
2026-06-26T23:53:59.215005,882058544,31908583,1.615,3.65,4.4,12.04,DECR,INCR,DECR
2026-06-26T23:54:29.245467,884828876,31991011,1.01,8.4,101.0,11.9,INCR,DECR,DECR
2026-06-26T23:55:29.261046,882043742,31908190,1.333,3.75,10.0,11.69,DECR,INCR,DECR
2026-06-26T23:55:59.265456,882043742,31908190,1.3,3.75,10.5,13.11,DECR,DECR,DECR
2026-06-26T23:58:29.298607,882043835,31908201,1.95,2.9,3.8,12.08,INCR,INCR,DECR
2026-06-26T23:58:29.298743,882058544,31908583,1.65,3.5,4.333,12.26,DECR,DECR,INCR
2026-06-26T23:58:59.305664,882058544,31908583,1.65,3.5,4.333,12.26,DECR,DECR,INCR
2026-06-26T23:59:59.357926,882043835,31908201,1.95,2.95,3.85,11.15,INCR,INCR,INCR
2026-06-27T00:00:29.379638,882043835,31908201,1.9,3.0,3.9,11.61,DECR,INCR,INCR
2026-06-27T00:00:29.379699,882043742,31908190,1.285,3.85,12.0,12.13,INCR,INCR,DECR
2026-06-27T00:00:59.385807,882033592,31907951,1.25,5.0,8.0,12.5,INCR,INCR,DECR
2026-06-27T00:00:59.385847,882064519,31908718,2.05,2.8,3.65,11.89,INCR,DECR,DECR
2026-06-27T00:01:29.390402,882033592,31907951,1.285,4.8,7.75,11.56,INCR,DECR,DECR
2026-06-27T00:01:59.396569,882043742,31908190,1.333,3.7,10.5,11.57,INCR,DECR,INCR
2026-06-27T00:01:59.396612,882043835,31908201,1.833,3.1,4.0,11.81,INCR,DECR,DECR
2026-06-27T00:01:59.396637,882064519,31908718,1.95,2.85,3.95,11.69,DECR,INCR,INCR
2026-06-27T00:01:59.396657,882033592,31907951,1.25,5.0,8.2,12.2,DECR,INCR,INCR
2026-06-27T00:02:29.400638,882033592,31907951,1.285,4.8,7.75,11.56,INCR,DECR,DECR
2026-06-27T00:02:29.400710,882043835,31908201,1.85,2.85,4.4,11.87,DECR,INCR,INCR
2026-06-27T00:02:59.404621,882064519,31908718,1.95,2.85,3.85,12.34,DECR,INCR,INCR
2026-06-27T00:02:59.404779,882043835,31908201,1.85,3.1,4.0,11.31,INCR,DECR,INCR
2026-06-27T00:03:29.418028,882043835,31908201,1.8,3.1,4.1,12.2,DECR,INCR,DECR
2026-06-27T00:03:29.418110,882064519,31908718,2.05,2.8,3.65,11.89,INCR,DECR,INCR
2026-06-27T00:03:29.418133,882058544,31908583,1.68,3.4,4.333,12.01,DECR,INCR,DECR
2026-06-27T00:03:59.422507,882033592,31907951,1.285,4.75,7.6,12.03,DECR,INCR,INCR
2026-06-27T00:03:59.422569,882064379,31908715,1.2,5.6,11.0,10.28,INCR,DECR,DECR
2026-06-27T00:04:29.426576,882043742,31908190,1.3,3.75,11.0,12.68,INCR,DECR,INCR
2026-06-27T00:04:29.426628,882064379,31908715,1.2,5.6,11.0,10.28,DECR,DECR,INCR
2026-06-27T00:04:29.426666,882043835,31908201,1.769,3.2,4.2,11.59,INCR,INCR,INCR
2026-06-27T00:04:59.436157,882043742,31908190,1.333,3.6,10.6,12.23,DECR,INCR,INCR
2026-06-27T00:04:59.436366,882043835,31908201,1.75,3.3,4.0,12.45,DECR,INCR,DECR
2026-06-27T00:05:29.441735,882043835,31908201,1.75,3.2,4.2,12.2,DECR,DECR,INCR
2026-06-27T00:05:29.441799,882043742,31908190,1.35,3.6,9.75,12.11,DECR,INCR,INCR
2026-06-27T00:05:29.441836,882033592,31907951,1.222,5.0,9.2,12.7,DECR,DECR,INCR
2026-06-27T00:05:29.441873,882049625,31908321,1.5,3.35,7.5,9.85,DECR,INCR,INCR
2026-06-27T00:05:59.444816,882043835,31908201,1.75,3.3,4.0,12.45,DECR,INCR,DECR
2026-06-27T00:05:59.444878,884831180,31991082,1.181,5.25,11.0,12.81,INCR,DECR,DECR
2026-06-27T00:05:59.444913,882043742,31908190,1.333,3.6,10.5,12.32,DECR,DECR,DECR
2026-06-27T00:06:29.449196,882043835,31908201,1.7,3.45,4.1,12.2,DECR,INCR,INCR
2026-06-27T00:06:29.449257,884831180,31991082,1.2,5.2,11.0,11.66,INCR,DECR,INCR
2026-06-27T00:06:29.449294,882064379,31908715,1.222,5.4,10.6,9.79,DECR,DECR,INCR
2026-06-27T00:06:29.449326,882033592,31907951,1.25,4.8,8.6,12.46,INCR,DECR,DECR
2026-06-27T00:07:29.476838,882043835,31908201,1.68,3.3,4.5,12.05,INCR,DECR,INCR
2026-06-27T00:07:59.486822,882064519,31908718,1.909,2.8,4.2,11.91,INCR,INCR,DECR
2026-06-27T00:07:59.486876,882049625,31908321,1.55,3.25,6.8,9.99,DECR,DECR,INCR
2026-06-27T00:07:59.486903,882043835,31908201,1.65,3.35,4.6,12.2,INCR,DECR,INCR
2026-06-27T00:07:59.486926,882058544,31908583,1.666,3.3,4.6,12.07,INCR,INCR,DECR
2026-06-27T00:08:29.492843,882043742,31908190,1.35,3.6,9.6,12.27,DECR,DECR,INCR
2026-06-27T00:08:29.492883,882058544,31908583,1.727,3.3,4.2,12.02,DECR,INCR,DECR
2026-06-27T00:08:29.492905,884831180,31991082,1.181,5.25,12.0,12.05,DECR,INCR,INCR
2026-06-27T00:08:59.497208,884831180,31991082,1.166,5.4,13.0,11.97,DECR,INCR,INCR
2026-06-27T00:08:59.497273,882043742,31908190,1.333,3.65,10.6,11.85,INCR,DECR,INCR
2026-06-27T00:08:59.497311,882043835,31908201,1.615,3.45,4.75,11.96,INCR,DECR,INCR
2026-06-27T00:09:29.479176,882043742,31908190,1.285,3.85,12.0,12.13,INCR,INCR,DECR
2026-06-27T00:09:29.479259,882033592,31907951,1.285,4.75,8.25,10.99,DECR,DECR,INCR
2026-06-27T00:09:29.479362,882049625,31908321,1.533,3.25,7.2,9.89,INCR,INCR,DECR
2026-06-27T00:09:59.476210,882043835,31908201,1.6,3.5,4.8,11.9,INCR,DECR,INCR
2026-06-27T00:09:59.476276,882043742,31908190,1.333,3.75,10.6,11.12,DECR,DECR,INCR
2026-06-27T00:10:29.478793,882058544,31908583,1.7,3.2,4.6,11.81,DECR,INCR,DECR
2026-06-27T00:10:59.482277,882043835,31908201,1.533,3.7,5.0,12.26,DECR,INCR,INCR
2026-06-27T00:10:59.482353,882043742,31908190,1.3,3.75,11.0,12.68,DECR,DECR,DECR
2026-06-27T00:10:59.482380,882058544,31908583,1.75,3.1,4.4,12.13,DECR,DECR,INCR
2026-06-27T00:10:59.482403,882064379,31908715,1.222,5.2,11.0,10.15,DECR,DECR,INCR
2026-06-27T00:11:29.485223,882049625,31908321,1.111,6.4,23.0,9.98,INCR,INCR,DECR
2026-06-27T00:11:29.485268,882043742,31908190,1.333,3.75,10.6,11.12,DECR,DECR,INCR
2026-06-27T00:11:59.487946,882049625,31908321,1.125,6.2,20.0,10.02,DECR,DECR,INCR
2026-06-27T00:11:59.488017,882043835,31908201,1.5,3.75,5.1,12.94,DECR,DECR,DECR
2026-06-27T00:11:59.488050,882033592,31907951,1.285,4.6,8.4,11.46,INCR,DECR,INCR
2026-06-27T00:12:29.491054,882058544,31908583,1.75,3.0,4.5,12.7,INCR,INCR,DECR
2026-06-27T00:12:29.491103,882064379,31908715,1.166,5.8,15.0,9.67,INCR,INCR,DECR
2026-06-27T00:12:29.491131,882043835,31908201,1.5,3.85,5.25,11.69,INCR,INCR,DECR
2026-06-27T00:12:29.491156,882049625,31908321,1.133,6.0,19.0,10.19,DECR,DECR,INCR
2026-06-27T00:12:59.493405,882033592,31907951,1.25,4.8,9.0,11.94,INCR,DECR,DECR
2026-06-27T00:12:59.493466,884831180,31991082,1.2,5.1,12.0,11.27,INCR,DECR,DECR
2026-06-27T00:12:59.493501,882043742,31908190,1.3,3.8,11.0,12.33,INCR,INCR,DECR
2026-06-27T00:12:59.493534,882058544,31908583,1.75,3.1,4.5,11.62,INCR,DECR,INCR
2026-06-27T00:13:29.495215,882043742,31908190,1.3,3.75,11.0,12.68,DECR,DECR,INCR
2026-06-27T00:13:29.495301,882043835,31908201,1.45,4.0,5.5,12.15,DECR,INCR,INCR
2026-06-27T00:13:29.495389,882058544,31908583,1.7,3.1,4.75,12.13,INCR,INCR,DECR
2026-06-27T00:13:29.495452,882049625,31908321,1.125,6.2,21.0,9.78,INCR,INCR,DECR
2026-06-27T00:13:59.500503,882043742,31908190,1.25,3.9,13.0,13.33,INCR,INCR,DECR
2026-06-27T00:13:59.500579,882058544,31908583,1.64,3.2,5.1,11.83,INCR,INCR,DECR
2026-06-27T00:13:59.500621,882064379,31908715,1.166,5.6,14.0,10.76,DECR,DECR,INCR
2026-06-27T00:14:29.506207,882043835,31908201,1.4,4.2,5.75,12.63,INCR,DECR,INCR
2026-06-27T00:14:29.507197,882058544,31908583,1.68,3.2,4.8,11.61,INCR,INCR,INCR
2026-06-27T00:14:29.507246,882043742,31908190,1.181,4.333,21.0,12.51,DECR,DECR,INCR
2026-06-27T00:14:29.507273,882049625,31908321,1.133,6.0,20.0,9.93,DECR,DECR,INCR
2026-06-27T00:14:59.513489,882033592,31907951,1.285,4.6,8.4,11.46,DECR,INCR,DECR
2026-06-27T00:14:59.513544,882049625,31908321,1.083,7.0,29.0,10.07,INCR,INCR,DECR
2026-06-27T00:15:29.523600,882043742,31908190,1.166,4.5,23.0,12.33,INCR,INCR,DECR
2026-06-27T00:15:29.523664,884831180,31991082,1.2,5.0,11.0,12.42,INCR,DECR,DECR
2026-06-27T00:15:29.523702,882049625,31908321,1.071,7.4,34.0,9.83,INCR,INCR,DECR
2026-06-27T00:15:29.523731,882043835,31908201,1.363,4.4,6.0,12.76,INCR,DECR,INCR
2026-06-27T00:15:59.527624,882064379,31908715,1.142,6.0,17.0,10.11,INCR,INCR,DECR
2026-06-27T00:15:59.527686,882064519,31908718,2.0,2.65,4.2,11.55,INCR,INCR,DECR
2026-06-27T00:15:59.527725,882058544,31908583,1.666,3.1,5.0,12.28,DECR,INCR,DECR
2026-06-27T00:15:59.527758,882043835,31908201,1.363,4.4,6.0,12.76,DECR,INCR,DECR
2026-06-27T00:16:29.530970,882043742,31908190,1.153,4.6,26.0,12.32,INCR,INCR,DECR
2026-06-27T00:16:29.531036,882043835,31908201,1.333,4.75,6.4,11.7,INCR,DECR,INCR
2026-06-27T00:16:29.531082,882064519,31908718,1.95,2.7,4.2,12.13,DECR,DECR,INCR
2026-06-27T00:16:29.531117,882064379,31908715,1.153,5.8,15.0,10.64,DECR,DECR,INCR
2026-06-27T00:16:29.531151,882049625,31908321,1.083,7.0,31.0,9.85,DECR,INCR,INCR
2026-06-27T00:16:59.534619,882043835,31908201,1.3,4.8,6.5,13.14,INCR,INCR,DECR
2026-06-27T00:17:29.540618,882043742,31908190,1.142,4.75,29.0,12.07,INCR,DECR,INCR
2026-06-27T00:17:29.540823,882058544,31908583,1.75,3.0,4.6,12.22,DECR,DECR,INCR
2026-06-27T00:17:29.540860,882043835,31908201,1.333,5.2,5.5,12.43,DECR,DECR,INCR
2026-06-27T00:17:29.540890,882049625,31908321,1.071,7.2,34.0,10.2,INCR,INCR,DECR
2026-06-27T00:17:59.550249,882043742,31908190,1.125,5.0,34.0,11.83,INCR,DECR,INCR
2026-06-27T00:17:59.550377,882049625,31908321,1.083,7.0,31.0,9.85,DECR,DECR,INCR
2026-06-27T00:17:59.550452,884831180,31991082,1.222,4.8,11.0,11.76,DECR,DECR,INCR
2026-06-27T00:18:29.555069,882043835,31908201,1.3,5.4,5.75,12.83,DECR,DECR,DECR
2026-06-27T00:18:29.555132,882043742,31908190,1.133,4.8,31.0,12.32,DECR,INCR,DECR
2026-06-27T00:18:59.558359,882043835,31908201,1.285,5.6,6.0,12.34,INCR,DECR,DECR
2026-06-27T00:18:59.558421,882033592,31907951,1.25,4.5,9.2,13.09,DECR,INCR,DECR
2026-06-27T00:18:59.558457,882064379,31908715,1.181,5.75,14.0,9.21,DECR,INCR,INCR
2026-06-27T00:18:59.558486,882049625,31908321,1.071,7.2,34.0,10.2,INCR,INCR,DECR
2026-06-27T00:18:59.558515,882043742,31908190,1.111,5.2,34.0,12.18,INCR,DECR,INCR
2026-06-27T00:19:29.563824,882043742,31908190,1.111,5.1,34.0,12.56,DECR,DECR,DECR
2026-06-27T00:19:29.563898,882043835,31908201,1.25,6.0,6.25,12.67,INCR,INCR,DECR
2026-06-27T00:19:29.563934,882049625,31908321,1.083,7.0,31.0,9.85,INCR,DECR,INCR
2026-06-27T00:19:59.569213,882043742,31908190,1.1,5.4,41.0,11.87,INCR,INCR,DECR
2026-06-27T00:19:59.569255,882064379,31908715,1.153,5.8,15.0,10.64,INCR,INCR,DECR
2026-06-27T00:19:59.569338,882064519,31908718,2.0,2.625,4.1,12.49,DECR,DECR,INCR
2026-06-27T00:20:29.581940,882043835,31908201,1.222,6.4,6.75,12.27,DECR,DECR,DECR
2026-06-27T00:20:29.581995,882043742,31908190,1.09,5.5,56.0,11.71,INCR,DECR,INCR
2026-06-27T00:20:29.582031,882049625,31908321,1.071,7.2,34.0,10.2,INCR,INCR,DECR
2026-06-27T00:20:59.599402,884831180,31991082,1.222,4.75,11.0,11.98,DECR,DECR,INCR
2026-06-27T00:20:59.599452,882043835,31908201,1.181,7.0,7.75,11.86,INCR,INCR,DECR
2026-06-27T00:20:59.599486,882043742,31908190,1.083,5.6,67.0,11.69,INCR,DECR,INCR
2026-06-27T00:20:59.599510,882033592,31907951,1.3,4.333,8.25,12.12,DECR,INCR,DECR
2026-06-27T00:21:29.604291,882043835,31908201,1.153,7.6,8.25,12.01,INCR,INCR,DECR
2026-06-27T00:21:29.604349,882043742,31908190,1.03,6.6,501.0,12.44,INCR,DECR,INCR
2026-06-27T00:21:29.604380,882033592,31907951,1.333,4.2,7.8,11.65,INCR,DECR,DECR
2026-06-27T00:21:59.613025,882043835,31908201,1.125,6.8,12.0,11.93,INCR,INCR,DECR
2026-06-27T00:21:59.613198,884831180,31991082,1.2,4.8,12.0,12.5,INCR,INCR,DECR
2026-06-27T00:21:59.613239,882064379,31908715,1.181,5.75,14.0,9.21,DECR,DECR,INCR
2026-06-27T00:21:59.613273,882043742,31908190,1.04,6.8,71.0,12.27,INCR,INCR,DECR
2026-06-27T00:22:29.620465,882043835,31908201,1.083,8.2,14.0,11.67,DECR,INCR,INCR
2026-06-27T00:22:29.620540,882064519,31908718,2.0,2.6,4.2,12.27,DECR,DECR,INCR
2026-06-27T00:22:29.620590,882043742,31908190,1.083,5.75,51.0,11.69,DECR,DECR,INCR
2026-06-27T00:22:59.624775,882043742,31908190,1.062,6.0,56.0,12.61,INCR,DECR,INCR
2026-06-27T00:22:59.624827,882064519,31908718,2.05,2.625,4.0,11.88,DECR,INCR,INCR
2026-06-27T00:23:29.629202,882064519,31908718,2.0,2.6,4.333,11.54,DECR,INCR,INCR
2026-06-27T00:23:59.631690,882064379,31908715,1.125,6.25,19.0,10.15,INCR,INCR,DECR
2026-06-27T00:24:29.629709,884831180,31991082,1.222,4.6,12.0,11.91,DECR,INCR,INCR
2026-06-27T00:24:29.629768,882049625,31908321,1.071,7.2,41.0,9.7,INCR,DECR,INCR
2026-06-27T00:24:29.629802,882064519,31908718,2.1,2.55,4.0,11.83,DECR,DECR,INCR
2026-06-27T00:24:59.683414,882033592,31907951,1.35,4.0,7.75,11.98,INCR,INCR,DECR
2026-06-27T00:24:59.683568,882064379,31908715,1.142,6.2,17.0,9.58,DECR,DECR,INCR
2026-06-27T00:24:59.683589,882049625,31908321,1.09,6.6,34.0,9.84,DECR,DECR,INCR
2026-06-27T00:25:59.730714,882049625,31908321,1.071,7.0,41.0,10.1,INCR,INCR,DECR
2026-06-27T00:26:29.735023,882033592,31907951,1.4,3.8,6.75,12.56,DECR,INCR,INCR
2026-06-27T00:26:29.735058,882064519,31908718,2.2,2.5,3.75,12.12,DECR,DECR,INCR
2026-06-27T00:26:59.739184,882033592,31907951,1.5,3.6,5.6,12.3,INCR,DECR,DECR
2026-06-27T00:26:59.739263,884831180,31991082,1.222,4.5,12.0,12.39,DECR,INCR,INCR
2026-06-27T00:27:29.747957,882064379,31908715,1.153,5.8,16.0,10.22,DECR,DECR,INCR
2026-06-27T00:27:59.751164,884831180,31991082,1.25,4.4,11.0,11.82,INCR,DECR,DECR
2026-06-27T00:28:29.756056,882033592,31907951,1.533,3.5,5.6,11.66,INCR,DECR,INCR
2026-06-27T00:28:59.758229,882033592,31907951,1.533,3.5,5.6,11.66,DECR,INCR,DECR
2026-06-27T00:29:29.763259,882064379,31908715,1.166,5.6,15.0,10.29,DECR,DECR,INCR
2026-06-27T00:29:29.763323,882033592,31907951,1.444,3.7,6.6,11.43,DECR,INCR,DECR
2026-06-27T00:29:59.769995,882049625,31908321,1.071,6.8,46.0,10.25,INCR,INCR,DECR
2026-06-27T00:29:59.770047,882064379,31908715,1.142,5.8,18.0,10.36,INCR,INCR,DECR
2026-06-27T00:30:59.775823,882033592,31907951,1.45,3.65,6.25,12.36,INCR,DECR,DECR
2026-06-27T00:30:59.775900,882049625,31908321,1.083,6.6,41.0,9.93,DECR,DECR,INCR
2026-06-27T00:31:29.780497,882064379,31908715,1.166,5.6,16.0,9.87,DECR,DECR,INCR
2026-06-27T00:31:29.780555,882049625,31908321,1.062,7.2,51.0,10.01,INCR,INCR,DECR
2026-06-27T00:31:29.780583,882064519,31908718,2.25,2.4,3.9,11.75,DECR,INCR,INCR
2026-06-27T00:31:59.783346,881891717,31903378,2.25,2.9,3.2,10.18,INCR,INCR,DECR
2026-06-27T00:31:59.783396,882064379,31908715,1.153,5.6,18.0,10.14,INCR,INCR,DECR
2026-06-27T00:31:59.783418,882049625,31908321,1.083,6.6,41.0,9.93,DECR,DECR,INCR
2026-06-27T00:32:29.787051,882064379,31908715,1.166,5.4,16.0,10.53,DECR,INCR,DECR
2026-06-27T00:32:29.787110,882049625,31908321,1.071,6.75,46.0,10.36,INCR,INCR,DECR
2026-06-27T00:32:59.796118,882033592,31907951,1.444,3.6,6.6,12.18,INCR,DECR,DECR
2026-06-27T00:32:59.796158,882049625,31908321,1.062,7.0,51.0,10.41,INCR,INCR,DECR
2026-06-27T00:33:29.801732,882033592,31907951,1.48,3.55,6.4,11.36,DECR,INCR,DECR
2026-06-27T00:33:29.801772,882049625,31908321,1.1,6.2,34.0,9.98,DECR,DECR,INCR
2026-06-27T00:33:29.801791,882064379,31908715,1.133,5.8,21.0,10.26,INCR,INCR,DECR
2026-06-27T00:33:59.806361,882064379,31908715,1.133,5.8,20.0,10.5,DECR,DECR,DECR
2026-06-27T00:33:59.806425,881891717,31903378,2.3,2.95,3.1,9.63,INCR,DECR,INCR
2026-06-27T00:33:59.806535,882064519,31908718,2.15,2.4,4.2,11.99,INCR,INCR,DECR
2026-06-27T00:34:59.817985,882064379,31908715,1.153,5.6,19.0,9.85,DECR,INCR,DECR
2026-06-27T00:34:59.818029,882049625,31908321,1.09,6.25,41.0,10.18,INCR,INCR,DECR
2026-06-27T00:34:59.818050,882033592,31907951,1.45,3.5,6.6,12.69,DECR,DECR,INCR
2026-06-27T00:35:59.842246,882049625,31908321,1.1,6.0,34.0,10.52,DECR,INCR,DECR
2026-06-27T00:36:29.846901,882033592,31907951,1.45,3.45,7.0,12.24,INCR,DECR,INCR
2026-06-27T00:36:29.846962,882064379,31908715,1.153,5.6,20.0,9.59,DECR,INCR,INCR
2026-06-27T00:36:29.846995,882049625,31908321,1.09,6.4,41.0,9.81,INCR,INCR,DECR
2026-06-27T00:36:29.847028,884831180,31991082,1.285,3.95,10.75,12.44,INCR,DECR,DECR
2026-06-27T00:36:59.859282,882064379,31908715,1.166,5.4,18.0,9.84,DECR,DECR,INCR
2026-06-27T00:36:59.859342,882049625,31908321,1.083,6.5,46.0,9.89,INCR,INCR,DECR
2026-06-27T00:37:29.864682,882049625,31908321,1.083,6.6,46.0,9.66,INCR,INCR,DECR
2026-06-27T00:37:59.869862,882064519,31908718,2.25,2.3,4.1,12.31,DECR,DECR,INCR
2026-06-27T00:38:29.892127,882049625,31908321,1.09,6.25,46.0,9.92,DECR,INCR,INCR
2026-06-27T00:38:59.930268,882064379,31908715,1.166,5.4,20.0,9.28,DECR,DECR,INCR
2026-06-27T00:38:59.930317,882049625,31908321,1.071,6.6,51.0,10.48,INCR,INCR,DECR
2026-06-27T00:38:59.930346,882033592,31907951,1.48,3.3,7.0,12.16,INCR,DECR,INCR
2026-06-27T00:39:29.938140,882049625,31908321,1.083,6.5,51.0,9.68,INCR,INCR,DECR
2026-06-27T00:39:29.938203,882064379,31908715,1.015,10.75,51.0,9.79,INCR,INCR,DECR
2026-06-27T00:40:29.944007,882049625,31908321,1.071,6.8,56.0,9.86,INCR,DECR,INCR
2026-06-27T00:40:29.944081,882064379,31908715,1.01,10.8,56.0,10.05,INCR,DECR,DECR
2026-06-27T00:40:29.944117,881891717,31903378,2.5,2.75,3.0,9.7,INCR,INCR,DECR
2026-06-27T00:40:59.951465,882049625,31908321,1.083,6.5,51.0,9.68,DECR,INCR,INCR
2026-06-27T00:40:59.951511,882064379,31908715,1.015,10.6,51.0,9.92,INCR,INCR,DECR
2026-06-27T00:41:29.956968,882058544,31908583,1.9,2.75,4.333,12.07,DECR,DECR,INCR
2026-06-27T00:41:29.957016,881891717,31903378,2.5,2.75,2.95,10.26,INCR,DECR,DECR
2026-06-27T00:41:59.963847,882049625,31908321,1.062,7.0,67.0,9.94,INCR,INCR,DECR
2026-06-27T00:41:59.963889,882064519,31908718,1.2,4.5,14.0,12.7,DECR,INCR,DECR
2026-06-27T00:41:59.963914,881891717,31903378,2.55,2.7,3.0,9.59,DECR,INCR,INCR
2026-06-27T00:42:29.966868,882064379,31908715,1.02,10.25,51.0,9.76,INCR,DECR,INCR
2026-06-27T00:42:59.969875,882064519,31908718,1.2,4.5,14.0,12.7,DECR,INCR,INCR
2026-06-27T00:42:59.969911,882058544,31908583,1.95,2.7,4.2,12.13,DECR,DECR,INCR
2026-06-27T00:42:59.969932,882049625,31908321,1.05,7.2,71.0,10.54,INCR,INCR,DECR
2026-06-27T00:42:59.969949,882033592,31907951,1.55,3.1,6.4,12.4,INCR,DECR,DECR
2026-06-27T00:43:29.976718,882049625,31908321,1.05,7.4,76.0,10.07,INCR,INCR,DECR
2026-06-27T00:43:29.976753,882064519,31908718,1.2,4.4,14.0,13.2,DECR,DECR,INCR
2026-06-27T00:43:29.976774,882064379,31908715,1.015,10.6,56.0,9.74,DECR,INCR,INCR
2026-06-27T00:44:30.001329,882064379,31908715,1.025,10.0,46.0,9.73,DECR,INCR,DECR
2026-06-27T00:44:30.001371,882064519,31908718,1.2,4.4,17.0,11.94,DECR,INCR,INCR
2026-06-27T00:44:30.001391,884831180,31991082,1.35,3.5,10.75,11.95,DECR,DECR,INCR
2026-06-27T00:45:00.004498,882049625,31908321,1.04,7.75,91.0,10.16,DECR,DECR,DECR
2026-06-27T00:45:00.004562,882064379,31908715,1.02,10.25,51.0,9.76,INCR,INCR,DECR
2026-06-27T00:45:30.008648,884831180,31991082,1.333,3.5,12.0,11.92,DECR,INCR,DECR
2026-06-27T00:45:30.012202,882064519,31908718,1.222,4.333,14.0,12.05,INCR,DECR,INCR
2026-06-27T00:45:30.012229,882064379,31908715,1.025,9.75,46.0,9.99,DECR,DECR,INCR
2026-06-27T00:45:30.012246,882049625,31908321,1.03,8.4,101.0,9.98,INCR,INCR,DECR
2026-06-27T00:46:00.014894,882049625,31908321,1.04,7.6,91.0,10.41,DECR,DECR,DECR
2026-06-27T00:46:30.019796,882064379,31908715,1.02,10.0,51.0,10.0,INCR,INCR,DECR
2026-06-27T00:46:30.019862,881891717,31903378,2.55,2.75,2.9,10.06,INCR,DECR,INCR
2026-06-27T00:46:30.019897,882049625,31908321,1.02,8.8,126.0,10.2,INCR,INCR,DECR
2026-06-27T00:46:30.019927,882064519,31908718,1.25,4.1,13.0,12.08,INCR,DECR,DECR
2026-06-27T00:46:30.019954,882033592,31907951,1.48,3.2,7.6,11.98,DECR,INCR,DECR
2026-06-27T00:46:30.019980,884831180,31991082,1.363,3.4,10.8,12.04,INCR,DECR,DECR
2026-06-27T00:47:00.024601,882033592,31907951,1.533,3.1,7.0,11.78,DECR,INCR,DECR
2026-06-27T00:47:00.024652,882049625,31908321,1.03,8.2,101.0,10.27,DECR,DECR,INCR
2026-06-27T00:47:00.024677,882064379,31908715,1.015,10.25,56.0,10.06,INCR,INCR,DECR
2026-06-27T00:47:30.028287,882064379,31908715,1.025,9.75,51.0,9.78,DECR,DECR,INCR
2026-06-27T00:47:30.028338,881891717,31903378,2.6,2.75,2.85,9.91,DECR,DECR,INCR
2026-06-27T00:47:30.028366,882058544,31908583,2.05,2.5,4.333,11.86,INCR,INCR,DECR
2026-06-27T00:48:00.032420,884831180,31991082,1.4,3.25,10.25,11.95,DECR,INCR,DECR
2026-06-27T00:48:00.032477,882064519,31908718,1.222,4.2,15.0,12.31,DECR,INCR,INCR
2026-06-27T00:48:00.032504,882033592,31907951,1.55,3.0,7.0,12.14,INCR,INCR,DECR
2026-06-27T00:48:00.032527,882049625,31908321,1.03,8.2,101.0,10.27,DECR,INCR,DECR
2026-06-27T00:48:30.037669,882049625,31908321,1.01,9.6,176.0,9.99,INCR,INCR,DECR
2026-06-27T00:48:30.037720,882064379,31908715,1.025,9.5,56.0,9.87,INCR,DECR,INCR
2026-06-27T00:49:00.042900,882064379,31908715,1.02,9.75,51.0,10.26,INCR,DECR,DECR
2026-06-27T00:49:00.042935,882049625,31908321,1.015,9.4,151.0,9.82,DECR,DECR,INCR
2026-06-27T00:49:30.046001,884831180,31991082,1.4,3.2,10.0,12.68,DECR,INCR,DECR
2026-06-27T00:49:30.046039,882049625,31908321,1.01,9.75,176.0,9.83,INCR,DECR,INCR
2026-06-27T00:50:00.048529,882049625,31908321,1.02,9.0,151.0,9.81,INCR,INCR,INCR
2026-06-27T00:50:00.048592,882058544,31908583,2.0,2.55,4.4,11.94,INCR,DECR,INCR
2026-06-27T00:50:30.058680,882049625,31908321,1.01,9.75,176.0,9.83,INCR,INCR,INCR
2026-06-27T00:51:00.061907,882058544,31908583,2.0,2.45,4.5,13.04,DECR,INCR,DECR
2026-06-27T00:51:30.065888,882049625,31908321,1.01,9.75,176.0,9.83,DECR,INCR,INCR
2026-06-27T00:53:30.080097,882058544,31908583,2.15,2.35,4.4,11.79,INCR,DECR,INCR
2026-06-27T00:54:00.085275,881891717,31903378,2.65,2.7,2.85,9.86,INCR,DECR,INCR
2026-06-27T00:55:30.102643,882064519,31908718,1.25,4.1,13.0,12.08,INCR,DECR,INCR
2026-06-27T00:56:30.119565,881891717,31903378,2.65,2.7,2.85,9.86,INCR,INCR,DECR
2026-06-27T00:57:00.123900,881891717,31903378,2.6,2.7,2.875,10.28,DECR,INCR,INCR
2026-06-27T00:57:00.123943,882064379,31908715,1.03,9.4,46.0,9.9,DECR,DECR,INCR
2026-06-27T00:57:30.127955,882064379,31908715,1.015,10.0,56.0,10.31,INCR,INCR,DECR
2026-06-27T00:57:30.128033,881891717,31903378,2.6,2.7,2.9,9.98,INCR,DECR,INCR
2026-06-27T00:58:00.131918,882058544,31908583,2.15,2.3,4.6,11.73,INCR,INCR,DECR
2026-06-27T01:02:00.148847,882081954,31909279,2.1,2.9,3.4,11.51,INCR,DECR,INCR
2026-06-27T01:02:00.148926,882058544,31908583,2.0,2.4,4.8,12.5,INCR,DECR,INCR
2026-06-27T01:02:30.179657,882081980,31909280,2.5,2.65,2.875,12.52,DECR,INCR,INCR
2026-06-27T01:02:30.179699,882081954,31909279,2.15,2.875,3.25,12.06,DECR,INCR,DECR
2026-06-27T01:03:00.226476,882081954,31909279,2.15,2.9,3.25,11.76,INCR,DECR,INCR
2026-06-27T01:03:00.226515,881891717,31903378,2.5,2.6,3.2,9.71,DECR,INCR,DECR
2026-06-27T01:03:00.226533,882081980,31909280,2.55,2.7,2.85,11.34,INCR,DECR,INCR
2026-06-27T01:03:30.298664,882081954,31909279,2.1,2.9,3.4,11.51,INCR,INCR,DECR
2026-06-27T01:03:30.298827,882058544,31908583,1.95,2.45,4.8,12.93,DECR,DECR,INCR
2026-06-27T01:04:00.315834,882081954,31909279,2.15,2.875,3.25,12.06,DECR,INCR,DECR
2026-06-27T01:04:00.315870,882058544,31908583,1.153,4.8,21.0,12.33,DECR,INCR,INCR
2026-06-27T01:04:30.342160,882064379,31908715,1.015,10.25,56.0,10.06,DECR,DECR,INCR
2026-06-27T01:04:30.342221,881891717,31903378,2.55,2.6,3.1,9.94,INCR,DECR,DECR
2026-06-27T01:04:30.342256,882081980,31909280,2.5,2.7,2.875,11.82,INCR,INCR,DECR
2026-06-27T01:04:30.342300,882058544,31908583,1.181,4.6,18.0,11.97,DECR,DECR,INCR
2026-06-27T01:05:00.346735,881891717,31903378,2.5,2.6,3.2,9.71,DECR,DECR,INCR
2026-06-27T01:05:30.352022,882081980,31909280,2.55,2.7,2.8,11.97,INCR,DECR,INCR
2026-06-27T01:05:30.352066,882064519,31908718,1.222,4.2,14.0,12.79,INCR,INCR,DECR
2026-06-27T01:05:30.352086,882064379,31908715,1.02,9.75,51.0,10.26,DECR,DECR,INCR
2026-06-27T01:06:00.354483,881891717,31903378,2.4,2.65,3.25,10.17,DECR,INCR,INCR
2026-06-27T01:06:00.354542,882081980,31909280,2.5,2.65,2.9,12.22,DECR,INCR,DECR
2026-06-27T01:06:00.354575,882033592,31907951,1.571,2.95,6.8,12.26,INCR,DECR,DECR
2026-06-27T01:06:30.358362,882081980,31909280,2.55,2.7,2.8,11.97,INCR,DECR,INCR
2026-06-27T01:07:00.362012,882058544,31908583,1.181,4.6,19.0,11.68,DECR,DECR,INCR
2026-06-27T01:07:00.362088,882064379,31908715,1.02,9.75,56.0,10.08,INCR,INCR,DECR
2026-06-27T01:07:00.362268,882081980,31909280,1.4,4.1,6.25,11.82,INCR,INCR,DECR
2026-06-27T01:07:30.365520,882081980,31909280,1.444,3.85,6.0,11.89,INCR,INCR,DECR
2026-06-27T01:07:30.365581,882058544,31908583,1.142,5.0,23.0,11.91,INCR,INCR,DECR
2026-06-27T01:08:00.369484,882033592,31907951,1.615,2.875,6.6,11.85,INCR,INCR,DECR
2026-06-27T01:08:00.369526,882081980,31909280,1.4,3.9,6.25,13.07,INCR,INCR,DECR
2026-06-27T01:08:30.372604,882064379,31908715,1.02,9.75,56.0,10.08,INCR,INCR,DECR
2026-06-27T01:09:00.375227,882058544,31908583,1.142,5.0,23.0,11.91,DECR,DECR,INCR
2026-06-27T01:09:00.375291,882081936,31909278,1.64,3.2,5.2,11.46,INCR,DECR,INCR
2026-06-27T01:09:00.375326,884831180,31991082,1.444,3.0,11.0,11.68,DECR,DECR,INCR
2026-06-27T01:09:30.377797,881891717,31903378,2.3,2.75,3.35,9.69,DECR,INCR,INCR
2026-06-27T01:10:00.381400,882081980,31909280,1.533,3.4,5.6,12.5,INCR,INCR,DECR
2026-06-27T01:10:00.381467,881891717,31903378,2.333,2.85,3.2,9.2,INCR,DECR,DECR
2026-06-27T01:10:00.381505,882058544,31908583,1.125,5.1,29.0,11.95,INCR,INCR,DECR
2026-06-27T01:10:00.381535,884831180,31991082,1.45,2.95,10.75,12.17,DECR,DECR,INCR
2026-06-27T01:10:00.381563,882064379,31908715,1.025,9.6,56.0,9.76,INCR,INCR,INCR
2026-06-27T01:10:30.385188,882081980,31909280,1.533,3.4,5.6,12.5,INCR,DECR,DECR
2026-06-27T01:10:30.385257,881891717,31903378,2.3,2.75,3.35,9.69,DECR,INCR,INCR
2026-06-27T01:10:30.385334,882058544,31908583,1.133,5.0,26.0,12.11,DECR,DECR,INCR
2026-06-27T01:10:30.385675,882033592,31907951,1.65,2.75,6.6,12.12,INCR,DECR,DECR
2026-06-27T01:11:00.389735,882058544,31908583,1.125,5.1,26.0,12.34,INCR,DECR,DECR
2026-06-27T01:11:30.395275,882033592,31907951,1.65,2.8,6.5,11.7,INCR,INCR,DECR
2026-06-27T01:12:00.399306,884831180,31991082,1.5,2.85,10.25,11.51,DECR,INCR,INCR
2026-06-27T01:12:00.399367,882058544,31908583,1.111,5.25,31.0,12.28,INCR,INCR,DECR
2026-06-27T01:12:30.429428,882081980,31909280,1.533,3.4,5.6,12.5,DECR,DECR,INCR
2026-06-27T01:13:00.445160,882081980,31909280,1.45,3.55,6.5,12.52,INCR,INCR,DECR
2026-06-27T01:13:00.445288,882058544,31908583,1.615,3.1,5.8,11.42,DECR,INCR,DECR
2026-06-27T01:13:30.449312,884831180,31991082,1.45,2.875,12.0,12.08,DECR,INCR,INCR
2026-06-27T01:13:30.449379,882058544,31908583,1.615,2.85,6.5,12.39,INCR,DECR,INCR
2026-06-27T01:14:00.532911,882081936,31909278,1.666,3.0,5.25,12.4,INCR,DECR,DECR
2026-06-27T01:14:00.532966,884831180,31991082,1.48,2.8,10.6,12.72,DECR,DECR,INCR
2026-06-27T01:14:00.533001,882081980,31909280,1.48,3.5,6.25,12.14,DECR,DECR,INCR
2026-06-27T01:14:30.537007,882081954,31909279,2.2,2.7,3.45,11.48,DECR,INCR,INCR
2026-06-27T01:14:30.537074,884831180,31991082,1.533,2.75,9.75,11.85,INCR,DECR,DECR
2026-06-27T01:14:30.537108,882033592,31907951,1.666,2.65,6.8,12.47,DECR,INCR,DECR
2026-06-27T01:14:30.537137,882058544,31908583,1.571,2.95,6.8,12.26,DECR,INCR,DECR
2026-06-27T01:14:30.537165,881891717,31903378,2.25,2.75,3.35,10.66,DECR,INCR,DECR
2026-06-27T01:14:30.537192,882081936,31909278,1.615,3.1,5.6,12.03,INCR,INCR,DECR
2026-06-27T01:15:00.541236,882058544,31908583,1.533,3.35,6.0,11.75,INCR,DECR,DECR
2026-06-27T01:15:00.542123,882064519,31908718,1.2,4.333,17.0,12.29,INCR,DECR,INCR
2026-06-27T01:15:00.542198,882033592,31907951,1.727,2.6,6.4,11.99,INCR,DECR,DECR
2026-06-27T01:15:30.544667,884831180,31991082,1.55,2.7,10.0,11.55,DECR,INCR,INCR
2026-06-27T01:15:30.544730,882081936,31909278,1.666,3.0,5.25,12.4,DECR,DECR,INCR
2026-06-27T01:15:30.544770,882033592,31907951,1.64,2.65,7.5,12.04,DECR,INCR,INCR
2026-06-27T01:15:30.544804,882064519,31908718,1.222,4.2,17.0,11.52,INCR,DECR,INCR
2026-06-27T01:15:30.544831,882058544,31908583,1.533,3.35,6.0,11.75,INCR,DECR,DECR
2026-06-27T01:16:00.548042,882033592,31907951,1.666,2.6,7.2,12.37,DECR,INCR,DECR
2026-06-27T01:16:00.548093,882058544,31908583,1.5,3.35,6.4,12.14,DECR,DECR,INCR
2026-06-27T01:16:00.548116,881891717,31903378,2.15,2.85,3.5,10.17,DECR,DECR,INCR
2026-06-27T01:16:30.550783,881891717,31903378,2.2,2.85,3.45,9.53,INCR,INCR,DECR
2026-06-27T01:16:30.551097,882033592,31907951,1.666,2.6,7.4,12.0,DECR,DECR,INCR
2026-06-27T01:17:00.555724,882058544,31908583,1.45,3.75,6.0,12.3,DECR,INCR,DECR
2026-06-27T01:17:00.555785,882081980,31909280,1.444,3.55,6.8,12.13,INCR,INCR,DECR
2026-06-27T01:17:00.555823,881891717,31903378,2.15,2.875,3.5,9.87,INCR,DECR,DECR
2026-06-27T01:17:30.557451,882058544,31908583,1.444,3.8,6.2,11.7,DECR,DECR,INCR
2026-06-27T01:18:00.580733,882033592,31907951,1.7,2.5,7.25,12.62,DECR,DECR,INCR
2026-06-27T01:18:30.584461,882058544,31908583,1.4,3.9,6.25,13.07,INCR,INCR,DECR
2026-06-27T01:18:30.584512,882081936,31909278,1.7,2.95,5.25,11.77,DECR,INCR,INCR
2026-06-27T01:18:30.584547,884831180,31991082,1.6,2.55,10.0,11.72,DECR,INCR,INCR
2026-06-27T01:19:00.591048,882081954,31909279,2.25,2.625,3.35,12.39,DECR,DECR,INCR
2026-06-27T01:19:00.591099,882081936,31909278,1.833,2.85,4.5,11.87,DECR,DECR,INCR
2026-06-27T01:19:00.591131,882058544,31908583,1.363,4.1,6.6,12.91,INCR,INCR,DECR
2026-06-27T01:19:00.591161,882033592,31907951,1.75,2.45,7.2,11.85,INCR,DECR,DECR
2026-06-27T01:19:30.593726,882081954,31909279,2.375,2.6,3.2,11.82,DECR,DECR,INCR
2026-06-27T01:20:00.597075,882081954,31909279,2.25,2.625,3.35,12.39,INCR,INCR,DECR
2026-06-27T01:20:00.597135,882081980,31909280,1.48,3.65,6.0,11.63,DECR,DECR,INCR
2026-06-27T01:20:00.597174,882058544,31908583,1.35,4.333,7.0,11.44,DECR,INCR,INCR
2026-06-27T01:20:00.597207,884831180,31991082,1.615,2.5,10.0,11.92,DECR,DECR,INCR
2026-06-27T01:20:30.600751,884831180,31991082,1.615,2.45,9.75,12.99,DECR,DECR,DECR
2026-06-27T01:20:30.600824,882081980,31909280,1.444,3.75,6.25,11.92,INCR,INCR,DECR
2026-06-27T01:21:00.636226,884831180,31991082,1.64,2.5,9.4,11.61,DECR,INCR,INCR
2026-06-27T01:21:00.636290,882058544,31908583,1.333,4.5,7.2,11.13,INCR,DECR,DECR
2026-06-27T01:21:00.636324,882064519,31908718,1.2,4.333,19.0,11.68,INCR,DECR,DECR
2026-06-27T01:21:00.636358,882033592,31907951,1.769,2.333,7.8,12.21,INCR,INCR,DECR
2026-06-27T01:21:30.644598,882081936,31909278,1.833,2.8,4.6,12.01,DECR,INCR,INCR
2026-06-27T01:21:30.644658,882058544,31908583,1.285,4.8,7.6,11.81,DECR,INCR,INCR
2026-06-27T01:21:30.644695,882081980,31909280,1.444,3.6,7.0,11.32,INCR,INCR,DECR
2026-06-27T01:21:30.644724,882033592,31907951,1.85,2.3,7.0,11.82,INCR,DECR,DECR
2026-06-27T01:21:30.644751,882064519,31908718,1.181,4.4,20.0,12.4,DECR,INCR,INCR
2026-06-27T01:21:30.644778,884831180,31991082,1.65,2.45,9.4,12.06,DECR,INCR,DECR
2026-06-27T01:22:00.647796,882064519,31908718,1.2,4.333,20.0,11.41,INCR,DECR,INCR
2026-06-27T01:22:00.647872,882081980,31909280,1.4,3.65,7.5,12.16,INCR,INCR,DECR
2026-06-27T01:22:30.652272,882058544,31908583,1.222,5.4,8.4,12.26,DECR,INCR,INCR
2026-06-27T01:22:30.652341,882033592,31907951,1.85,2.25,7.4,12.01,INCR,DECR,DECR
2026-06-27T01:22:30.652378,884831180,31991082,1.65,2.4,10.25,12.03,INCR,DECR,DECR
2026-06-27T01:23:00.656550,882081980,31909280,1.166,5.1,15.0,12.04,INCR,INCR,DECR
2026-06-27T01:23:00.656630,884831180,31991082,1.727,2.35,9.0,11.57,INCR,DECR,DECR
2026-06-27T01:23:30.659596,882058544,31908583,1.181,5.8,9.25,12.73,INCR,INCR,DECR
2026-06-27T01:24:00.665371,884831180,31991082,1.666,2.333,11.0,11.98,DECR,DECR,INCR
2026-06-27T01:24:00.665437,882058544,31908583,1.181,6.0,9.25,12.15,INCR,INCR,DECR
2026-06-27T01:24:30.672043,882081936,31909278,1.8,2.8,5.0,11.27,DECR,INCR,INCR
2026-06-27T01:24:30.672108,882058544,31908583,1.166,6.2,9.5,12.42,INCR,DECR,INCR
2026-06-27T01:24:30.672142,884831180,31991082,1.75,2.3,9.25,11.43,DECR,DECR,INCR
2026-06-27T01:25:00.674613,882058544,31908583,1.142,6.75,10.5,11.9,INCR,INCR,DECR
2026-06-27T01:25:00.674670,882081980,31909280,1.142,5.4,17.0,11.97,INCR,INCR,DECR
2026-06-27T01:25:00.674700,882081936,31909278,1.769,2.75,5.2,12.12,INCR,DECR,DECR
2026-06-27T01:25:30.679028,882058544,31908583,1.125,7.4,11.0,11.49,DECR,INCR,INCR
2026-06-27T01:25:30.679089,882081936,31909278,1.9,2.7,4.5,11.89,DECR,DECR,INCR
2026-06-27T01:26:00.682750,882058544,31908583,1.1,8.0,12.0,11.74,DECR,INCR,INCR
2026-06-27T01:26:00.682804,882064519,31908718,1.166,4.5,23.0,12.33,INCR,INCR,DECR
2026-06-27T01:26:00.682832,884831180,31991082,1.75,2.2,10.25,12.35,INCR,DECR,DECR
2026-06-27T01:26:00.682859,882081936,31909278,1.8,2.75,5.1,11.53,INCR,INCR,DECR
2026-06-27T01:26:30.685266,882058544,31908583,1.1,8.0,12.0,11.74,INCR,DECR,DECR
2026-06-27T01:26:30.685330,884831180,31991082,1.727,2.2,10.75,12.66,DECR,DECR,DECR
2026-06-27T01:27:00.689598,882033592,31907951,1.909,2.1,8.0,12.5,DECR,INCR,DECR
2026-06-27T01:27:00.689667,882081936,31909278,1.909,2.7,4.5,11.64,DECR,DECR,INCR
2026-06-27T01:27:00.689705,882081954,31909279,2.333,2.5,3.4,12.28,DECR,DECR,INCR
2026-06-27T01:27:30.691585,882033592,31907951,1.95,2.05,8.2,12.26,INCR,DECR,INCR
2026-06-27T01:27:30.691637,882081936,31909278,1.9,2.65,4.6,12.11,DECR,DECR,INCR
2026-06-27T01:28:00.695993,884831180,31991082,1.833,2.1,10.0,12.17,DECR,DECR,INCR
2026-06-27T01:28:00.696081,882033592,31907951,1.909,2.05,8.75,12.59,DECR,DECR,INCR
2026-06-27T01:28:30.699453,884831180,31991082,1.833,2.1,10.25,11.93,DECR,DECR,INCR
2026-06-27T01:28:30.699508,882033592,31907951,2.0,2.0,8.0,12.5,INCR,DECR,DECR
2026-06-27T01:29:00.702949,882064519,31908718,1.153,4.6,26.0,12.32,INCR,INCR,DECR
2026-06-27T01:30:00.712354,882081936,31909278,1.8,2.7,5.25,11.64,INCR,INCR,DECR
2026-06-27T01:30:30.716896,885515182,32013239,1.666,3.75,3.95,12.01,INCR,DECR,DECR
2026-06-27T01:31:00.720193,882033592,31907951,1.95,2.0,9.0,12.39,DECR,INCR,DECR
2026-06-27T01:31:00.720278,885515182,32013239,1.666,3.75,3.95,12.01,INCR,DECR,DECR
2026-06-27T01:31:30.724709,882081954,31909279,2.35,2.4,3.55,12.39,INCR,DECR,INCR
2026-06-27T01:32:00.730379,882081936,31909278,1.95,2.6,4.5,11.97,DECR,INCR,DECR
2026-06-27T01:32:00.730441,882033592,31907951,1.909,2.05,8.6,12.79,DECR,DECR,INCR
2026-06-27T01:32:30.741956,882081936,31909278,1.85,2.6,5.1,12.12,DECR,INCR,DECR
2026-06-27T01:32:30.742014,885515182,32013239,1.65,3.6,4.2,12.19,INCR,DECR,DECR
2026-06-27T01:32:30.742054,882033592,31907951,1.9,2.15,8.0,11.64,INCR,INCR,DECR
2026-06-27T01:37:34.936305,884831180,31991082,1.727,2.1,14.0,12.67,DECR,DECR,INCR
2026-06-27T01:38:04.943040,882033592,31907951,1.666,2.45,9.0,11.95,DECR,INCR,INCR
2026-06-27T01:38:04.943107,884831180,31991082,1.7,2.2,12.0,12.61,INCR,DECR,DECR
2026-06-27T01:38:34.945160,882081980,31909280,1.111,5.6,23.0,12.21,INCR,INCR,DECR
2026-06-27T01:38:34.945226,881891717,31903378,1.4,3.55,8.75,11.03,DECR,DECR,DECR
2026-06-27T01:38:34.945265,884831180,31991082,1.01,8.4,101.0,11.9,INCR,INCR,DECR
2026-06-27T01:38:34.945299,882033592,31907951,1.65,2.55,8.5,11.59,INCR,INCR,DECR
2026-06-27T01:39:04.952826,882081936,31909278,1.9,2.45,5.5,11.63,INCR,DECR,DECR
2026-06-27T01:39:04.952870,884831180,31991082,1.03,7.4,67.0,12.09,INCR,DECR,DECR
2026-06-27T01:39:04.952893,882064519,31908718,1.125,5.0,34.0,11.83,INCR,DECR,INCR
2026-06-27T01:39:34.956583,882033592,31907951,1.64,2.6,8.25,11.56,INCR,DECR,DECR
2026-06-27T01:39:34.956621,884831180,31991082,1.04,7.0,61.0,12.08,DECR,DECR,INCR
2026-06-27T01:39:34.956641,885515182,32013239,1.68,3.4,4.333,12.01,INCR,DECR,DECR
2026-06-27T01:40:04.959774,882033592,31907951,1.571,2.6,9.4,12.75,DECR,DECR,DECR
2026-06-27T01:40:34.963958,882033592,31907951,1.55,2.75,8.75,12.31,INCR,INCR,DECR
2026-06-27T01:40:34.963996,884831180,31991082,1.04,7.2,67.0,11.54,DECR,INCR,INCR
2026-06-27T01:40:34.964024,882081954,31909279,2.25,2.25,4.2,12.7,DECR,DECR,INCR
2026-06-27T01:41:04.965941,882064519,31908718,1.111,5.1,34.0,12.56,INCR,DECR,DECR
2026-06-27T01:41:04.965984,882033592,31907951,1.533,2.75,9.2,12.46,DECR,DECR,INCR
2026-06-27T01:41:04.966008,884831180,31991082,1.03,7.4,71.0,12.01,DECR,INCR,INCR
2026-06-27T01:41:04.966035,885515182,32013239,1.727,3.35,4.2,11.56,INCR,DECR,DECR
2026-06-27T01:41:34.968581,884831180,31991082,1.025,7.5,76.0,12.21,INCR,DECR,INCR
2026-06-27T01:42:04.972520,882033592,31907951,1.5,2.95,9.25,11.38,INCR,INCR,DECR
2026-06-27T01:42:04.972587,884831180,31991082,1.025,7.5,76.0,12.21,INCR,INCR,DECR
2026-06-27T01:42:04.972636,882081980,31909280,1.125,5.4,21.0,12.17,DECR,DECR,INCR
2026-06-27T01:42:34.977317,882033592,31907951,1.5,2.9,9.25,11.96,INCR,DECR,DECR
2026-06-27T01:42:34.977378,884831180,31991082,1.03,7.4,76.0,11.92,INCR,INCR,DECR
2026-06-27T01:42:34.977416,882081980,31909280,1.1,5.75,26.0,12.15,INCR,INCR,DECR
2026-06-27T01:43:04.979987,882033592,31907951,1.45,3.0,9.6,12.72,INCR,DECR,INCR
2026-06-27T01:43:04.980046,884831180,31991082,1.03,7.4,76.0,11.92,DECR,DECR,INCR
2026-06-27T01:43:04.980074,881891717,31903378,1.363,3.7,10.6,9.83,INCR,INCR,DECR
2026-06-27T01:43:34.983093,884831180,31991082,1.025,7.5,81.0,12.13,INCR,INCR,DECR
2026-06-27T01:43:34.983154,882033592,31907951,1.444,3.0,10.0,12.59,DECR,INCR,DECR
2026-06-27T01:43:34.983189,882064519,31908718,1.1,5.25,41.0,12.4,DECR,INCR,DECR
2026-06-27T01:43:34.983226,882081980,31909280,1.111,5.6,26.0,11.71,INCR,DECR,INCR
2026-06-27T01:43:34.983256,885515182,32013239,1.769,3.3,3.95,12.15,DECR,INCR,DECR
2026-06-27T01:44:04.987103,884831180,31991082,1.025,7.5,81.0,12.13,INCR,INCR,DECR
2026-06-27T01:44:04.987155,882081954,31909279,2.15,2.3,4.6,11.73,DECR,INCR,INCR
2026-06-27T01:44:04.987190,885515182,32013239,1.8,3.25,3.95,11.64,INCR,INCR,DECR
2026-06-27T01:44:04.987216,881891717,31903378,1.35,3.75,11.0,9.83,INCR,DECR,INCR
2026-06-27T01:44:34.991219,884831180,31991082,1.025,7.5,81.0,12.13,INCR,INCR,DECR
2026-06-27T01:44:34.991416,882064519,31908718,1.09,5.4,46.0,12.44,INCR,DECR,DECR
2026-06-27T01:44:34.991452,882033592,31907951,1.4,3.35,9.75,11.54,INCR,INCR,DECR
2026-06-27T01:44:34.991486,882081954,31909279,2.2,2.25,4.333,12.98,DECR,DECR,DECR
2026-06-27T01:45:04.999436,884831180,31991082,1.015,8.0,91.0,12.12,INCR,INCR,DECR
2026-06-27T01:45:04.999523,882033592,31907951,1.4,3.35,9.75,11.54,DECR,DECR,INCR
2026-06-27T01:45:04.999609,882064519,31908718,1.083,5.75,51.0,11.69,INCR,DECR,INCR
2026-06-27T01:45:35.002902,882081954,31909279,2.15,2.35,4.2,12.87,DECR,DECR,INCR
2026-06-27T01:45:35.002938,885515457,32013246,1.85,3.45,3.5,11.61,DECR,INCR,DECR
2026-06-27T01:45:35.002958,881891717,31903378,1.35,3.7,11.0,10.19,INCR,INCR,DECR
2026-06-27T01:45:35.002973,882033592,31907951,1.363,3.45,10.75,11.66,DECR,INCR,DECR
2026-06-27T01:45:35.002988,884831180,31991082,1.025,7.6,81.0,11.95,INCR,DECR,DECR
2026-06-27T01:46:05.006212,885515457,32013246,1.85,3.4,3.5,12.04,DECR,DECR,INCR
2026-06-27T01:46:05.006283,884831180,31991082,1.015,8.0,101.0,12.01,INCR,INCR,DECR
2026-06-27T01:46:05.006310,882033592,31907951,1.35,3.45,12.0,11.39,DECR,DECR,INCR
2026-06-27T01:46:35.012877,882033592,31907951,1.3,3.55,15.0,11.76,DECR,DECR,INCR
2026-06-27T01:46:35.013071,882064519,31908718,1.071,5.8,56.0,12.4,DECR,INCR,INCR
2026-06-27T01:46:35.013095,882081954,31909279,2.1,2.375,4.4,12.45,INCR,DECR,INCR
2026-06-27T01:46:35.013124,884831180,31991082,1.02,7.6,91.0,12.3,DECR,DECR,INCR
2026-06-27T01:47:05.019389,882033592,31907951,1.222,3.9,20.0,12.47,INCR,INCR,DECR
2026-06-27T01:47:05.019436,885515182,32013239,1.85,3.2,3.8,11.62,DECR,INCR,DECR
2026-06-27T01:47:35.023024,882064519,31908718,1.062,6.2,61.0,11.93,INCR,DECR,INCR
2026-06-27T01:47:35.024357,882033592,31907951,1.2,4.1,23.0,12.07,INCR,INCR,DECR
2026-06-27T01:47:35.024430,881891717,31903378,1.333,3.75,12.0,10.02,INCR,INCR,DECR
2026-06-27T01:47:35.024487,884831180,31991082,1.015,8.0,101.0,12.01,DECR,INCR,INCR
2026-06-27T01:48:05.030109,882064519,31908718,1.09,5.6,46.0,11.77,INCR,DECR,DECR
2026-06-27T01:48:35.033508,885515182,32013239,1.85,3.2,3.8,11.62,INCR,INCR,DECR
2026-06-27T01:48:35.033628,882081980,31909280,1.1,5.6,26.0,12.61,INCR,INCR,DECR
2026-06-27T01:48:35.033819,882033592,31907951,1.181,4.333,26.0,11.6,INCR,INCR,DECR
2026-06-27T01:48:35.033951,882064519,31908718,1.062,6.25,67.0,11.65,DECR,INCR,INCR
2026-06-27T01:48:35.034022,881891717,31903378,1.95,2.95,4.1,9.57,DECR,DECR,INCR
2026-06-27T01:49:05.036991,882081980,31909280,1.083,6.0,31.0,12.23,DECR,INCR,INCR
2026-06-27T01:49:05.037117,884831180,31991082,1.01,8.4,126.0,11.71,DECR,INCR,INCR
2026-06-27T01:49:05.037217,882033592,31907951,1.166,4.4,29.0,11.94,INCR,DECR,INCR
2026-06-27T01:49:05.037268,885515182,32013239,1.8,3.25,3.9,11.97,DECR,INCR,DECR
2026-06-27T01:49:05.037440,882064519,31908718,1.05,6.6,76.0,11.71,INCR,DECR,INCR
2026-06-27T01:49:05.037518,881891717,31903378,1.95,3.1,3.8,9.86,INCR,DECR,INCR
2026-06-27T01:49:35.041036,885515182,32013239,1.75,3.2,4.2,12.2,DECR,INCR,DECR
2026-06-27T01:49:35.041101,882081980,31909280,1.111,5.6,26.0,11.71,DECR,DECR,INCR
2026-06-27T01:49:35.041146,882064519,31908718,1.04,6.8,81.0,12.09,DECR,INCR,INCR
2026-06-27T01:49:35.041181,882033592,31907951,1.153,4.6,29.0,11.92,INCR,INCR,DECR
2026-06-27T01:49:35.041213,885515457,32013246,1.85,3.35,3.55,12.07,INCR,DECR,DECR
2026-06-27T01:50:05.046015,881891717,31903378,1.909,3.2,3.85,9.61,INCR,INCR,INCR
2026-06-27T01:50:05.047036,882033592,31907951,1.133,4.75,34.0,12.26,INCR,DECR,INCR
2026-06-27T01:50:05.047305,882064519,31908718,1.025,7.5,101.0,11.88,INCR,DECR,INCR
2026-06-27T01:50:05.047367,882081980,31909280,1.125,5.4,23.0,11.76,DECR,DECR,INCR
2026-06-27T01:50:05.047471,884831180,31991082,1.01,8.25,126.0,11.92,INCR,DECR,
2026-06-27T01:50:35.050472,882033592,31907951,1.111,5.1,41.0,12.06,INCR,INCR,DECR
2026-06-27T01:50:35.050522,882064519,31908718,1.015,8.0,126.0,11.82,DECR,INCR,INCR
2026-06-27T01:50:35.050550,885515182,32013239,1.7,3.25,4.4,12.32,DECR,INCR,DECR
2026-06-27T01:50:35.050574,881891717,31903378,1.9,3.2,3.9,9.52,DECR,INCR,DECR
2026-06-27T01:50:35.050599,885515457,32013246,1.833,3.35,3.65,11.8,DECR,DECR,INCR
2026-06-27T01:51:05.052520,881891717,31903378,1.909,3.3,3.65,10.08,INCR,DECR,INCR
2026-06-27T01:51:05.052589,882064519,31908718,1.01,8.2,126.0,12.0,INCR,INCR,DECR
2026-06-27T01:51:35.056656,882033592,31907951,1.083,5.75,51.0,11.69,INCR,INCR,DECR
2026-06-27T01:51:35.056716,881891717,31903378,1.909,3.35,3.55,10.4,DECR,INCR,INCR
2026-06-27T01:52:05.077280,882033592,31907951,1.03,6.6,501.0,12.44,INCR,INCR,DECR
2026-06-27T01:52:05.077330,881891717,31903378,1.833,3.5,3.75,9.79,DECR,INCR,INCR
2026-06-27T01:52:35.091864,882033592,31907951,1.1,6.6,16.0,12.31,INCR,DECR,INCR
2026-06-27T01:52:35.091978,881891717,31903378,1.222,4.333,18.0,10.47,INCR,DECR,INCR
2026-06-27T01:53:05.098701,881891717,31903378,1.25,4.1,16.0,10.64,INCR,DECR,INCR
2026-06-27T01:53:05.098920,882033592,31907951,1.071,7.6,18.0,12.08,INCR,DECR,INCR
2026-06-27T01:53:35.101933,882033592,31907951,1.062,7.5,20.0,12.5,INCR,DECR,INCR
2026-06-27T01:53:35.102045,881891717,31903378,1.285,4.0,15.0,9.49,DECR,INCR,DECR
2026-06-27T01:53:35.102080,885515457,32013246,1.25,5.0,8.8,11.36,DECR,INCR,INCR
2026-06-27T01:53:35.102108,885515182,32013239,1.8,3.1,4.2,11.62,DECR,INCR,DECR
2026-06-27T01:54:05.105775,885515457,32013246,1.25,4.8,8.2,13.03,DECR,DECR,INCR
2026-06-27T01:55:05.118602,881891717,31903378,1.25,4.1,16.0,10.64,INCR,INCR,DECR
2026-06-27T01:55:35.132907,885515457,32013246,1.285,4.75,8.2,11.07,INCR,INCR,DECR
2026-06-27T01:56:05.136234,881891717,31903378,1.285,4.0,16.0,9.07,DECR,DECR,INCR
2026-06-27T01:58:05.171342,885515457,32013246,1.3,4.6,7.5,12.0,INCR,INCR,DECR
2026-06-27T01:59:05.185103,881891717,31903378,1.25,4.1,17.0,10.27,INCR,INCR,DECR
2026-06-27T01:59:05.185233,885515182,32013239,1.8,3.0,4.333,11.97,INCR,INCR,DECR
2026-06-27T01:59:35.189799,885515182,32013239,1.75,3.1,4.5,11.62,INCR,DECR,INCR
2026-06-27T01:59:35.189837,881891717,31903378,1.222,4.4,20.0,9.56,INCR,INCR,DECR
2026-06-27T02:00:05.198450,881891717,31903378,1.25,4.1,17.0,10.27,DECR,INCR,DECR
2026-06-27T02:02:05.221467,885515182,32013239,2.3,2.75,3.1,12.1,INCR,DECR,DECR
2026-06-27T02:02:35.259935,885515182,32013239,2.05,3.1,3.2,12.29,INCR,DECR,DECR
2026-06-27T02:03:05.330849,885516549,32013281,1.45,4.333,5.0,12.04,DECR,INCR,INCR
2026-06-27T02:03:05.330901,885516953,32013304,2.333,2.5,3.45,11.85,INCR,DECR,DECR
2026-06-27T02:03:35.346045,885516359,32013276,2.05,3.0,3.4,11.53,DECR,DECR,INCR
2026-06-27T02:04:05.350519,885516359,32013276,1.95,3.2,3.45,11.52,INCR,INCR,DECR
2026-06-27T02:04:05.350583,885516953,32013304,2.35,2.5,3.4,11.96,DECR,DECR,INCR
2026-06-27T02:04:05.350617,885515644,32013251,1.55,4.2,4.2,12.14,INCR,INCR,DECR
2026-06-27T02:04:35.353526,885516359,32013276,2.05,2.95,3.4,12.09,DECR,INCR,DECR
2026-06-27T02:05:05.356668,885515457,32013246,1.3,4.4,8.0,12.15,DECR,INCR,DECR
2026-06-27T02:05:35.359756,885516359,32013276,2.0,3.0,3.55,11.5,INCR,INCR,DECR
2026-06-27T02:05:35.359793,881891717,31903378,1.181,4.6,26.0,10.26,INCR,INCR,DECR
2026-06-27T02:05:35.359811,882081980,31909280,1.111,5.6,26.0,11.71,INCR,INCR,DECR
2026-06-27T02:06:05.362462,885515644,32013251,1.64,3.8,4.1,11.68,DECR,DECR,INCR
2026-06-27T02:06:05.362602,881891717,31903378,1.181,4.6,26.0,10.26,INCR,DECR,INCR
2026-06-27T02:06:05.362675,882081936,31909278,2.0,2.2,5.8,12.7,DECR,DECR,INCR
2026-06-27T02:06:35.367107,881891717,31903378,1.181,4.6,26.0,10.26,INCR,DECR,INCR
2026-06-27T02:06:35.367159,885515644,32013251,1.55,4.2,4.2,12.14,INCR,INCR,DECR
2026-06-27T02:07:05.372839,882081980,31909280,1.1,5.6,29.0,12.21,INCR,INCR,DECR
2026-06-27T02:07:05.372977,885516359,32013276,1.909,3.2,3.5,12.2,INCR,DECR,DECR
2026-06-27T02:07:05.373031,885516549,32013281,1.48,4.2,4.8,12.21,INCR,DECR,DECR
2026-06-27T02:07:05.373064,881891717,31903378,1.181,4.6,26.0,10.26,INCR,DECR,INCR
2026-06-27T02:08:05.380428,882081936,31909278,2.1,2.15,5.75,11.52,INCR,DECR,INCR
2026-06-27T02:08:05.380495,881891717,31903378,1.166,4.75,29.0,10.26,INCR,DECR,INCR
2026-06-27T02:08:35.383357,885515644,32013251,1.533,4.2,4.333,12.12,INCR,DECR,INCR
2026-06-27T02:08:35.383428,885515599,32013250,2.3,2.55,3.4,12.11,DECR,INCR,DECR
2026-06-27T02:09:05.393787,885515182,32013239,1.95,3.1,3.55,11.71,INCR,DECR,INCR
2026-06-27T02:09:05.393837,881891717,31903378,1.166,4.75,29.0,10.26,DECR,INCR,INCR
2026-06-27T02:09:05.393871,885516359,32013276,1.285,5.0,7.4,11.33,DECR,DECR,INCR
2026-06-27T02:09:05.393900,885515644,32013251,1.533,4.2,4.4,11.77,DECR,INCR,INCR
2026-06-27T02:09:35.400753,885516359,32013276,1.363,4.5,6.0,12.26,DECR,DECR,INCR
2026-06-27T02:09:35.400832,881891717,31903378,1.181,4.5,26.0,10.74,DECR,DECR,DECR
2026-06-27T02:10:05.404709,881891717,31903378,1.153,4.8,31.0,10.79,INCR,DECR,INCR
2026-06-27T02:10:35.407321,885515644,32013251,1.55,4.1,4.333,11.99,INCR,DECR,DECR
2026-06-27T02:10:35.407380,882081936,31909278,2.1,2.2,5.4,11.59,DECR,DECR,INCR
2026-06-27T02:10:35.407399,885515182,32013239,2.05,3.0,3.4,11.53,INCR,INCR,DECR
2026-06-27T02:10:35.407415,882081954,31909279,1.9,2.625,4.75,11.78,DECR,INCR,INCR
2026-06-27T02:11:35.416621,881891717,31903378,1.125,5.4,41.0,9.85,DECR,INCR,INCR
2026-06-27T02:12:05.420732,885515457,32013246,1.3,4.333,8.25,12.12,DECR,INCR,DECR
2026-06-27T02:12:05.420769,881891717,31903378,1.111,5.5,46.0,10.36,DECR,DECR,INCR
2026-06-27T02:12:35.425652,885515457,32013246,1.285,4.4,8.8,11.91,DECR,INCR,INCR
2026-06-27T02:12:35.425752,885515599,32013250,2.3,2.55,3.35,12.54,DECR,DECR,INCR
2026-06-27T02:12:35.425814,881891717,31903378,1.125,5.4,41.0,9.85,INCR,DECR,INCR
2026-06-27T02:13:05.429531,885515457,32013246,1.3,4.333,8.6,11.63,INCR,INCR,DECR
2026-06-27T02:13:05.429573,885516953,32013304,1.5,4.1,4.75,12.11,INCR,INCR,DECR
2026-06-27T02:13:05.429595,881891717,31903378,1.125,5.5,41.0,9.51,INCR,DECR,INCR
2026-06-27T02:13:05.429616,885515182,32013239,1.95,3.0,3.65,12.01,DECR,INCR,INCR
2026-06-27T02:13:35.434959,881891717,31903378,1.111,5.6,46.0,10.04,INCR,DECR,INCR
2026-06-27T02:13:35.435084,885515644,32013251,2.35,2.35,3.75,11.77,INCR,INCR,DECR
2026-06-27T02:13:35.435210,885516359,32013276,1.4,4.333,5.8,11.75,DECR,DECR,INCR
2026-06-27T02:14:05.279525,885515182,32013239,2.05,2.95,3.45,11.66,INCR,DECR,DECR
2026-06-27T02:14:05.279595,882081954,31909279,1.833,2.75,4.75,11.97,DECR,INCR,DECR
2026-06-27T02:14:05.279651,885516359,32013276,1.4,4.333,5.8,11.75,DECR,DECR,INCR
2026-06-27T02:45:30.442189,882081954,31909279,1.04,6.8,76.0,12.18,DECR,INCR,INCR
2026-06-27T02:45:30.442245,882081936,31909278,1.333,4.75,6.4,11.7,INCR,DECR,DECR
2026-06-27T02:45:30.442283,885515457,32013246,1.25,4.2,14.0,10.95,INCR,INCR,INCR
2026-06-27T02:45:30.442313,885516359,32013276,1.35,4.0,7.5,12.41,DECR,DECR,INCR
2026-06-27T02:45:30.453894,885517153,32013309,1.363,3.9,7.25,12.8,DECR,DECR,INCR
2026-06-27T02:46:00.457334,882081954,31909279,1.083,5.75,46.0,11.9,INCR,DECR,DECR
2026-06-27T02:46:00.457410,885515182,32013239,1.181,4.75,17.0,11.61,DECR,INCR,INCR
2026-06-27T02:46:00.457451,885516359,32013276,1.333,4.2,8.25,10.95,INCR,INCR,DECR
2026-06-27T02:46:30.467172,885517153,32013309,1.333,4.0,8.2,12.21,INCR,INCR,DECR
2026-06-27T02:46:30.467245,882081954,31909279,1.02,7.75,101.0,11.93,INCR,INCR,DECR
2026-06-27T02:46:30.467296,885516359,32013276,1.35,4.0,7.6,12.23,DECR,DECR,INCR
2026-06-27T02:46:30.467343,885516953,32013304,1.111,6.5,15.0,12.06,INCR,INCR,DECR
2026-06-27T02:46:30.467394,882081936,31909278,1.285,5.1,6.8,12.13,DECR,DECR,INCR
2026-06-27T02:46:30.467442,885515182,32013239,2.2,2.3,4.4,11.66,INCR,DECR,DECR
2026-06-27T02:47:00.472300,885516549,32013281,1.615,3.1,5.5,12.36,DECR,DECR,INCR
2026-06-27T02:47:00.472355,885515182,32013239,2.15,2.25,4.8,11.79,INCR,DECR,DECR
2026-06-27T02:47:00.472383,885515644,32013251,1.222,4.8,10.0,12.67,INCR,DECR,DECR
2026-06-27T02:47:30.475675,882081936,31909278,1.333,4.75,6.4,11.7,INCR,DECR,DECR
2026-06-27T02:47:30.475720,885515644,32013251,1.2,5.1,11.0,12.03,INCR,INCR,DECR
2026-06-27T02:47:30.475745,885515182,32013239,2.1,2.2,5.25,12.12,INCR,INCR,DECR
2026-06-27T02:48:00.480033,885515644,32013251,1.222,5.0,10.25,11.59,DECR,INCR,DECR
2026-06-27T02:48:00.480094,882081954,31909279,1.03,6.6,501.0,12.44,DECR,INCR,INCR
2026-06-27T02:48:00.480131,882081936,31909278,1.3,4.8,6.6,12.91,INCR,INCR,DECR
2026-06-27T02:48:30.483023,882081936,31909278,1.285,5.2,7.0,11.34,INCR,DECR,INCR
2026-06-27T02:48:30.483090,885515599,32013250,1.363,3.85,7.6,12.5,DECR,INCR,INCR
2026-06-27T02:49:00.486080,885515644,32013251,1.2,5.0,11.0,12.42,INCR,INCR,DECR
2026-06-27T02:49:00.486144,882081936,31909278,1.25,5.6,7.5,11.19,DECR,INCR,INCR
2026-06-27T02:49:00.486177,885515599,32013250,1.4,3.75,7.0,12.38,DECR,DECR,INCR
2026-06-27T02:49:30.491902,882081936,31909278,1.222,5.75,7.75,12.13,INCR,INCR,DECR
2026-06-27T02:50:00.495761,882081936,31909278,1.222,5.8,7.8,11.89,DECR,INCR,INCR
2026-06-27T02:50:30.499824,882081936,31909278,1.222,6.0,7.75,11.4,DECR,INCR,INCR
2026-06-27T02:51:00.503465,885515182,32013239,2.0,2.333,5.25,11.91,INCR,INCR,DECR
2026-06-27T02:51:00.503526,882081936,31909278,1.2,6.25,8.0,11.83,DECR,INCR,INCR
2026-06-27T02:51:30.513713,882081936,31909278,1.181,6.6,8.4,11.73,INCR,DECR,INCR
2026-06-27T02:52:00.518515,882081936,31909278,1.153,7.0,8.8,12.38,DECR,INCR,INCR
2026-06-27T02:52:00.518554,885515182,32013239,1.95,2.333,5.5,12.33,INCR,DECR,DECR
2026-06-27T02:52:30.527344,885515457,32013246,2.0,2.9,3.65,11.88,INCR,INCR,INCR
2026-06-27T02:53:00.531256,882081936,31909278,1.125,7.75,9.75,12.05,DECR,INCR,INCR
2026-06-27T02:53:00.531319,885515457,32013246,1.95,2.7,4.1,12.71,DECR,INCR,DECR
2026-06-27T02:53:00.531354,885515182,32013239,1.909,2.35,5.6,12.79,INCR,INCR,DECR
2026-06-27T02:53:30.533904,882081936,31909278,1.111,8.2,10.25,11.96,INCR,INCR,DECR
2026-06-27T02:54:00.535696,882081936,31909278,1.083,9.0,11.0,12.54,DECR,DECR,INCR
2026-06-27T02:54:30.544758,882081936,31909278,1.062,10.25,12.0,12.25,DECR,INCR,INCR
2026-06-27T02:54:30.544819,885515457,32013246,1.9,2.625,4.8,11.56,INCR,DECR,INCR
2026-06-27T02:55:00.550542,885515182,32013239,1.85,2.5,5.5,12.24,DECR,INCR,INCR
2026-06-27T02:55:00.550615,885515457,32013246,1.85,2.875,4.2,12.65,DECR,DECR,INCR
2026-06-27T02:55:00.550653,882081936,31909278,1.05,10.8,13.0,12.19,INCR,DECR,INCR
2026-06-27T02:55:30.560003,882081936,31909278,1.071,9.75,11.0,12.72,DECR,INCR,DECR
2026-06-27T02:55:30.560071,885515457,32013246,1.833,2.4,6.2,12.35,DECR,INCR,DECR
2026-06-27T02:56:00.546622,885515457,32013246,1.833,2.75,4.75,11.97,INCR,DECR,DECR
