timestamp,id_mercado,id_liga,momio_1,momio_2,momio_3,true_prob_1,true_prob_2,true_prob_3,vig_pct,trend_1,trend_2,trend_3
2026-06-26 23:13:28.615342,881943435,31905159,1.142,5.4,26.0,0.7965584849967413,0.16845736849375528,0.03498729961024149,9.93,1,-1,1
2026-06-26 23:14:58.636818,882043742,31908190,1.6,3.6,4.75,0.561394053714183,0.24950846831741472,0.18910115493530377,11.33,1,-1,1
2026-06-26 23:14:58.636883,882049625,31908321,1.285,5.0,8.75,0.712320472980794,0.18306636155606407,0.10460934946060804,9.25,-1,-1,1
2026-06-26 23:15:28.641856,882043742,31908190,1.55,3.55,5.1,0.5745491943383922,0.2508595073871854,0.17461789239696238,12.29,-1,-1,1
2026-06-26 23:15:58.649588,881943435,31905159,1.125,5.6,31.0,0.8083012538773201,0.16238194832356878,0.029333513245547907,9.97,1,-1,1
2026-06-26 23:16:28.653455,882049625,31908321,1.285,5.0,8.6,0.7110188366665304,0.1827318410232983,0.106239442455406,9.45,-1,1,1
2026-06-26 23:16:28.653516,881943435,31905159,1.166,5.4,19.0,0.7829404172947155,0.16905713454919225,0.04804781718766517,9.54,1,1,-1
2026-06-26 23:16:58.656917,881943435,31905159,1.166,5.2,18.0,0.77578736599243,0.17395539783599484,0.05025378159706518,10.55,1,-1,-1
2026-06-26 23:17:58.605698,881943435,31905159,1.153,5.4,20.0,0.7866691053408932,0.16796842193667588,0.045351473922902494,10.25,1,-1,1
2026-06-26 23:18:28.608148,882043835,31908201,2.2,2.7,3.45,0.4077372215154777,0.33223032864224106,0.2600063441547974,11.48,1,1,-1
2026-06-26 23:18:28.608225,881943435,31905159,1.166,5.25,19.0,0.7791704670706199,0.17305005040082716,0.047816461294965404,10.07,-1,1,-1
2026-06-26 23:18:58.610310,881943435,31905159,1.153,5.4,20.0,0.7866691053408932,0.16796842193667588,0.045351473922902494,10.25,-1,1,-1
2026-06-26 23:18:58.610355,882049625,31908321,1.3,4.75,8.4,0.700064405925345,0.19159657425325236,0.10834330091701769,9.88,-1,-1,1
2026-06-26 23:18:58.610382,882043835,31908201,2.25,2.65,3.3,0.3951319740793425,0.33548941195415877,0.26940816414500623,12.48,1,-1,-1
2026-06-26 23:19:28.613055,881943435,31905159,1.133,5.75,21.0,0.7993954651734172,0.15751566296373595,0.043129288668641984,10.41,1,-1,1
2026-06-26 23:20:28.619312,882049625,31908321,1.285,4.75,9.2,0.7091398913172203,0.1918410021773954,0.09904834351550307,9.74,1,1,-1
2026-06-26 23:20:58.624189,882049625,31908321,1.3,4.5,8.5,0.6935630414126491,0.20036265640809864,0.10607434751016988,10.91,-1,-1,1
2026-06-26 23:21:28.625781,882049625,31908321,1.363,4.4,7.25,0.6676455685993471,0.20681838863657045,0.12551736689667725,9.89,-1,-1,1
2026-06-26 23:21:28.625822,881943435,31905159,1.125,6.0,23.0,0.8088160954402992,0.1516530178950561,0.03956165684218855,9.9,1,-1,1
2026-06-26 23:21:28.625844,882043835,31908201,2.2,2.7,3.45,0.4077372215154777,0.33223032864224106,0.2600063441547974,11.48,-1,1,1
2026-06-26 23:21:58.627628,882049625,31908321,1.4,4.333,6.8,0.6540479024683767,0.21132403956975013,0.13465692109643052,9.21,-1,-1,1
2026-06-26 23:21:58.627689,881943435,31905159,1.125,5.8,23.0,0.8045699573577922,0.1560588279357787,0.039353965305544185,10.48,-1,-1,-1
2026-06-26 23:22:28.630001,881943435,31905159,1.111,6.25,26.0,0.8193063981439105,0.14563990533406154,0.03500959262838018,9.86,1,-1,1
2026-06-26 23:24:28.635537,881943435,31905159,1.111,6.25,26.0,0.8193063981439105,0.14563990533406154,0.03500959262838018,9.86,1,-1,-1
2026-06-26 23:24:58.641740,881943435,31905159,1.1,6.6,29.0,0.8301441960468533,0.1383573660078089,0.031488228125915126,9.51,1,1,1
2026-06-26 23:25:28.648569,882049625,31908321,1.4,4.1,6.75,0.6456528195658631,0.22046681643712399,0.13391317739143824,10.63,1,-1,-1
2026-06-26 23:25:58.652577,881943435,31905159,1.071,7.25,31.0,0.8458255422228075,0.12494884906491403,0.029221908249052474,10.39,-1,1,1
2026-06-26 23:26:28.655401,882043742,31908190,1.615,3.4,4.8,0.5520640570966732,0.2622304271209197,0.1857465525439848,12.16,-1,1,-1
2026-06-26 23:26:28.655466,882049625,31908321,1.4,4.1,7.0,0.648760866744518,0.2215281008395915,0.1297521733489036,10.1,-1,-1,1
2026-06-26 23:26:58.658315,881943435,31905159,1.071,7.5,31.0,0.8493648831617914,0.1212893053155038,0.029344186769879953,9.93,-1,-1,1
2026-06-26 23:27:58.691014,881943435,31905159,1.05,8.2,34.0,0.8628983894001562,0.11049308644758099,0.026648332613828353,10.37,1,1,-1
2026-06-26 23:28:28.701484,882049625,31908321,1.444,4.1,6.5,0.6351653449722725,0.22370213613169793,0.14110442432922485,9.03,1,-1,1
2026-06-26 23:29:28.703904,882049625,31908321,1.444,4.0,6.75,0.6349324063658831,0.2292105986980838,0.1358285029321978,9.07,-1,1,1
2026-06-26 23:30:58.768107,882049625,31908321,1.48,3.9,6.2,0.6179583644372377,0.23450727676079794,0.14751264183340512,9.34,1,-1,-1
2026-06-26 23:31:28.773443,882049625,31908321,1.45,3.9,6.4,0.6256510681427861,0.23261385866847176,0.14174907012609997,10.23,1,-1,1
2026-06-26 23:33:28.856919,882049625,31908321,1.4,4.0,7.5,0.6507705122865474,0.22776967930029157,0.12147716229348883,9.76,1,1,-1
2026-06-26 23:35:58.871819,884828876,31991011,1.062,6.4,41.0,0.839008808417876,0.1392230241468413,0.02173237450097035,12.23,1,-1,1
2026-06-26 23:35:58.872191,882049625,31908321,1.444,3.75,7.0,0.6284217564639462,0.2419842710223835,0.1296344309048483,10.2,-1,-1,1
2026-06-26 23:36:28.879448,884828876,31991011,1.083,6.0,34.0,0.8248713901772006,0.1488892859269847,0.02627457986946789,11.94,-1,1,-1
2026-06-26 23:36:28.879497,882043742,31908190,1.6,3.4,5.0,0.558484496470378,0.26281623363311907,0.17871503887052095,11.91,-1,-1,1
2026-06-26 23:36:28.879527,882049625,31908321,1.4,3.85,7.6,0.6460616084349804,0.2349314939763565,0.11901134892223322,10.56,1,1,-1
2026-06-26 23:36:58.882674,882049625,31908321,1.444,3.7,7.4,0.6307685359534281,0.24617020700452702,0.12308510350226351,9.79,-1,-1,1
2026-06-26 23:37:28.886781,882049625,31908321,1.4,3.9,7.6,0.6479957491478856,0.23261385866847176,0.11936763800092628,10.23,1,1,-1
2026-06-26 23:37:58.890595,882058544,31908583,1.533,4.1,4.6,0.5857720194045183,0.21902158676759184,0.19521489255372318,11.36,1,1,-1
2026-06-26 23:37:58.890662,884828876,31991011,1.071,6.2,41.0,0.8341136466497743,0.14408640573579165,0.021788675989314835,11.94,1,-1,1
2026-06-26 23:37:58.890697,882049625,31908321,1.4,3.9,7.6,0.6479957491478856,0.23261385866847176,0.11936763800092628,10.23,1,1,-1
2026-06-26 23:37:58.890725,882043742,31908190,1.6,3.35,5.1,0.5582350839585567,0.26661974159214646,0.1751325753595472,11.96,-1,1,-1
2026-06-26 23:38:28.915941,882043742,31908190,1.666,3.3,4.6,0.5355939109827924,0.27039377445373697,0.19397814254289827,12.07,-1,-1,1
2026-06-26 23:38:28.916007,882049625,31908321,1.444,3.75,7.0,0.6284217564639462,0.2419842710223835,0.1296344309048483,10.2,-1,-1,1
2026-06-26 23:38:28.916048,882058544,31908583,1.55,4.0,4.4,0.5748051410571816,0.22273699215965787,0.20248817469059804,12.24,-1,1,-1
2026-06-26 23:38:58.925268,882043742,31908190,1.6,3.4,5.0,0.558484496470378,0.26281623363311907,0.17871503887052095,11.91,1,-1,1
2026-06-26 23:39:28.927237,884828876,31991011,1.727,2.3,9.75,0.5186660655672743,0.38945056314551435,0.09187038925483927,11.64,-1,1,1
2026-06-26 23:39:58.937652,884828876,31991011,1.75,2.333,8.4,0.510614396772917,0.3830155140816994,0.10637799932769104,11.91,1,-1,-1
2026-06-26 23:40:28.948071,884828876,31991011,1.727,2.35,9.0,0.5189914812219281,0.3814035268384127,0.09958869867447442,11.57,1,1,-1
2026-06-26 23:40:58.952704,882049625,31908321,1.48,3.55,7.0,0.6141389526228646,0.25603539433291256,0.12984652141169137,10.02,-1,-1,1
2026-06-26 23:40:58.952793,882043742,31908190,1.55,3.4,5.4,0.5737316943731263,0.2615541547877488,0.16468224560710107,12.45,1,-1,1
2026-06-26 23:40:58.952871,884828876,31991011,1.7,2.3,10.5,0.526008489777025,0.3887888837482359,0.08516327929723261,11.83,1,1,-1
2026-06-26 23:41:28.954857,882049625,31908321,1.444,3.7,7.4,0.6307685359534281,0.24617020700452702,0.12308510350226351,9.79,-1,-1,1
2026-06-26 23:41:28.954892,884828876,31991011,1.68,2.45,8.6,0.5316049792248775,0.3645291286113445,0.10384841454625512,11.97,-1,1,1
2026-06-26 23:41:58.958341,884828876,31991011,1.05,6.8,56.0,0.8523950168987312,0.1316198187858335,0.01598240656685121,11.73,1,-1,1
2026-06-26 23:42:28.964797,884828876,31991011,1.03,7.4,67.0,0.8661555771324534,0.12055949249276038,0.013315526036513835,12.09,1,1,-1
2026-06-26 23:42:58.969562,882049625,31908321,1.48,3.55,7.2,0.6163237030700316,0.25694621987144983,0.12668876118661762,9.63,-1,-1,1
2026-06-26 23:42:58.969612,884828876,31991011,1.04,7.0,61.0,0.8579036951627957,0.12745997756704394,0.014626554802775535,12.08,1,1,-1
2026-06-26 23:43:28.974001,884828876,31991011,1.05,6.8,56.0,0.8523950168987312,0.1316198187858335,0.01598240656685121,11.73,-1,-1,1
2026-06-26 23:43:28.974069,882043742,31908190,1.45,3.55,6.5,0.6129178567488386,0.2503467302213566,0.1367278295824332,12.52,1,-1,1
2026-06-26 23:43:28.974103,882058544,31908583,1.571,3.95,4.333,0.5680832105563495,0.22593891741367716,0.2059678568622259,12.05,-1,-1,1
2026-06-26 23:43:58.978332,884828876,31991011,1.062,6.5,51.0,0.8444261372857881,0.13796623966115493,0.01758393250583347,11.51,-1,-1,1
2026-06-26 23:44:59.086203,882049625,31908321,1.1,7.0,21.0,0.8267469162340025,0.12991737255105754,0.04330579085035251,9.96,1,1,-1
2026-06-26 23:45:29.094801,882049625,31908321,1.125,6.4,19.0,0.8097002084978038,0.14233011477500457,0.04794277550315943,9.78,-1,-1,1
2026-06-26 23:45:59.098303,884828876,31991011,1.05,6.6,56.0,0.8489757108049139,0.1350643176280545,0.015918294577592137,12.18,1,1,-1
2026-06-26 23:45:59.098376,882058544,31908583,1.55,3.9,4.5,0.5740890641774166,0.22816360242948608,0.19774178877222123,12.38,1,-1,-1
2026-06-26 23:45:59.098411,882049625,31908321,1.55,3.25,6.6,0.5841735696510146,0.2786058562950993,0.13719227772107162,10.44,-1,-1,1
2026-06-26 23:46:29.102901,882049625,31908321,1.55,3.3,6.6,0.5866702649109582,0.2755572456399955,0.13777862281999775,9.97,-1,-1,1
2026-06-26 23:46:29.102962,882043835,31908201,2.333,2.375,3.7,0.3827077337578837,0.3759398496240601,0.24131274131274125,12.0,-1,1,1
2026-06-26 23:46:29.103006,884828876,31991011,1.062,6.2,51.0,0.8388593190978906,0.14368848336805803,0.01746801170356784,12.25,1,1,-1
2026-06-26 23:46:59.105800,884828876,31991011,1.05,6.6,56.0,0.8489757108049139,0.1350643176280545,0.015918294577592137,12.18,1,1,-1
2026-06-26 23:46:59.105849,882049625,31908321,1.65,2.95,6.4,0.5503138164538328,0.3078026431012963,0.14187778080450378,10.13,-1,1,-1
2026-06-26 23:47:29.109762,884828876,31991011,1.062,6.4,56.0,0.8439720226650375,0.14004660751097966,0.01600532657268339,11.57,-1,-1,1
2026-06-26 23:47:29.109823,882043835,31908201,2.3,2.5,3.5,0.3880255320800109,0.35698348951361,0.2549882067954357,12.05,-1,-1,1
2026-06-26 23:47:59.115635,884828876,31991011,1.04,7.0,67.0,0.8590533918864125,0.12763078965169558,0.013334560112863717,11.93,-1,-1,-1
2026-06-26 23:47:59.115699,882049625,31908321,1.533,3.3,7.0,0.5939862691758072,0.27593362140803407,0.13008299294950176,9.82,1,1,-1
2026-06-26 23:48:29.118545,882058544,31908583,1.6,3.8,4.333,0.5585843238895344,0.2351933995324355,0.20626238592736093,11.89,-1,1,-1
2026-06-26 23:48:29.118611,884828876,31991011,1.04,7.0,67.0,0.8590533918864125,0.12763078965169558,0.013334560112863717,11.93,-1,1,-1
2026-06-26 23:48:59.122048,882049625,31908321,1.5,3.35,7.5,0.6068881808526778,0.27174097650119905,0.12137763617053557,9.85,1,1,-1
2026-06-26 23:48:59.122236,884828876,31991011,1.03,7.4,76.0,0.8674712173050099,0.12074261538164324,0.011756517813475791,11.92,1,1,-1
2026-06-26 23:49:29.126901,884828876,31991011,1.03,7.25,76.0,0.8653064049980099,0.12293318581351037,0.011727178909841448,12.2,1,-1,1
2026-06-26 23:50:29.133850,884828876,31991011,1.025,7.5,81.0,0.870070236419835,0.11890959897737745,0.011010148053460875,12.13,1,1,-1
2026-06-26 23:50:59.138353,884828876,31991011,1.03,7.4,81.0,0.8680917260441406,0.12082898348992767,0.011038697257104504,11.84,1,-1,-1
2026-06-26 23:51:29.184569,884828876,31991011,1.015,8.0,101.0,0.8795836754547338,0.11159717882331933,0.008839380500856977,12.01,1,-1,1
2026-06-26 23:51:59.188058,884828876,31991011,1.015,8.2,101.0,0.8819458194224755,0.10916768374558691,0.00886311887835458,11.71,1,1,-1
2026-06-26 23:51:59.188106,882043835,31908201,2.15,2.55,3.9,0.41763156960560965,0.35212073515767095,0.2302327883723233,11.37,1,-1,1
2026-06-26 23:51:59.188137,882043742,31908190,1.333,3.8,9.6,0.6713087667890127,0.23548804898151418,0.09321401938851605,11.75,1,-1,1
2026-06-26 23:52:29.192182,884828876,31991011,1.01,8.4,101.0,0.8848069793574531,0.10638750585131282,0.008848069793574533,11.9,-1,1,1
2026-06-26 23:52:59.199999,884828876,31991011,1.015,8.2,101.0,0.8819458194224755,0.10916768374558691,0.00886311887835458,11.71,1,1,-1
2026-06-26 23:53:29.203986,884828876,31991011,1.01,8.2,101.0,0.8824411852950002,0.10869092648145735,0.008824411852950001,12.2,1,1,-1
2026-06-26 23:53:59.207906,882043835,31908201,2.05,2.7,3.8,0.4350351182099175,0.3303044416038262,0.234689997981666,12.13,1,-1,-1
2026-06-26 23:53:59.207998,882043742,31908190,1.3,3.85,10.5,0.6842472595897252,0.23104452921211502,0.08471632737777551,12.42,1,1,-1
2026-06-26 23:53:59.215005,882058544,31908583,1.615,3.65,4.4,0.5526553431271229,0.24453106278090503,0.20284963162506894,12.04,-1,1,-1
2026-06-26 23:54:29.245467,884828876,31991011,1.01,8.4,101.0,0.8848069793574531,0.10638750585131282,0.008848069793574533,11.9,1,-1,-1
2026-06-26 23:55:29.261046,882043742,31908190,1.333,3.75,10.0,0.6716693946519131,0.23875608081893335,0.08953353030710001,11.69,-1,1,-1
2026-06-26 23:55:59.265456,882043742,31908190,1.3,3.75,10.5,0.680073175873724,0.23575870096955764,0.0841995360605563,13.11,-1,-1,-1
2026-06-26 23:58:29.298607,882043835,31908201,1.95,2.9,3.8,0.45754863742015783,0.30766201481700267,0.23479469551823884,12.08,1,1,-1
2026-06-26 23:58:29.298743,882058544,31908583,1.65,3.5,4.333,0.539872266221812,0.25451121121885417,0.20558256156611807,12.26,-1,-1,1
2026-06-26 23:58:59.305664,882058544,31908583,1.65,3.5,4.333,0.539872266221812,0.25451121121885417,0.20558256156611807,12.26,-1,-1,1
2026-06-26 23:59:59.357926,882043835,31908201,1.95,2.95,3.85,0.46137697959560314,0.30497800346150034,0.23368444421075998,11.15,1,1,1
2026-06-27 00:00:29.379638,882043835,31908201,1.9,3.0,3.9,0.47156687525641444,0.2986590209957291,0.22973770845825323,11.61,-1,1,1
2026-06-27 00:00:29.379699,882043742,31908190,1.285,3.85,12.0,0.6940248967551214,0.23164207592995606,0.0743184993608609,12.13,1,1,-1
2026-06-27 00:00:59.385807,882033592,31907951,1.25,5.0,8.0,0.7111111111111111,0.17777777777777778,0.1111111111111111,12.5,1,1,-1
2026-06-27 00:00:59.385847,882064519,31908718,2.05,2.8,3.65,0.4359682527918317,0.3191910422225911,0.24485888170500136,11.89,1,-1,-1
2026-06-27 00:01:29.390402,882033592,31907951,1.285,4.8,7.75,0.6975709185474341,0.18674554798613602,0.1156617587527036,11.56,1,-1,-1
2026-06-27 00:01:59.396569,882043742,31908190,1.333,3.7,10.5,0.672391814006204,0.24224278055953236,0.08536174172097807,11.57,1,-1,1
2026-06-27 00:01:59.396612,882043835,31908201,1.833,3.1,4.0,0.4879292881165358,0.288507866166971,0.22359359627940253,11.81,1,-1,-1
2026-06-27 00:01:59.396637,882064519,31908718,1.95,2.85,3.95,0.4591463092671796,0.31415273791964915,0.22666716533443038,11.69,-1,1,1
2026-06-27 00:01:59.396657,882033592,31907951,1.25,5.0,8.2,0.7130124777183602,0.17825311942959005,0.10869092648145735,12.2,-1,1,1
2026-06-27 00:02:29.400638,882033592,31907951,1.285,4.8,7.75,0.6975709185474341,0.18674554798613602,0.1156617587527036,11.56,1,-1,-1
2026-06-27 00:02:29.400710,882043835,31908201,1.85,2.85,4.4,0.4831863238942884,0.31364726287874867,0.20315788618282582,11.87,-1,1,1
2026-06-27 00:02:59.404621,882064519,31908718,1.95,2.85,3.85,0.4564896856155536,0.31233504805274714,0.23120906154554008,12.34,-1,1,1
2026-06-27 00:02:59.404779,882043835,31908201,1.85,3.1,4.0,0.4856172316418475,0.2898038317862639,0.22459796963435452,11.31,1,-1,1
2026-06-27 00:03:29.418028,882043835,31908201,1.8,3.1,4.1,0.49514755397108345,0.28750503133804844,0.2173818529629147,12.2,-1,1,-1
2026-06-27 00:03:29.418110,882064519,31908718,2.05,2.8,3.65,0.4359682527918317,0.3191910422225911,0.24485888170500136,11.89,1,-1,1
2026-06-27 00:03:29.418133,882058544,31908583,1.68,3.4,4.333,0.5314151372539015,0.2625815972313396,0.20604141024383904,12.01,-1,1,-1
2026-06-27 00:03:59.422507,882033592,31907951,1.285,4.75,7.6,0.6946443959042377,0.18791958920777796,0.11744974325486122,12.03,-1,1,1
2026-06-27 00:03:59.422569,882064379,31908715,1.2,5.6,11.0,0.7556522790472736,0.1619254883672729,0.0824347940778844,10.28,1,-1,-1
2026-06-27 00:04:29.426576,882043742,31908190,1.3,3.75,11.0,0.6826684142978072,0.23665838362323985,0.08067899441701358,12.68,1,-1,1
2026-06-27 00:04:29.426628,882064379,31908715,1.2,5.6,11.0,0.7556522790472736,0.1619254883672729,0.0824347940778844,10.28,-1,-1,1
2026-06-27 00:04:29.426666,882043835,31908201,1.769,3.2,4.2,0.5065786584186206,0.28004301460704367,0.21336610636727135,11.59,1,1,1
2026-06-27 00:04:59.436157,882043742,31908190,1.333,3.6,10.6,0.6684376253111661,0.24750759848327344,0.0840591843905457,12.23,-1,1,1
2026-06-27 00:04:59.436366,882043835,31908201,1.75,3.3,4.0,0.5081623578733405,0.2694800382661654,0.22232103156958646,12.45,-1,1,-1
2026-06-27 00:05:29.441735,882043835,31908201,1.75,3.2,4.2,0.5092946269416858,0.27852049910873444,0.21220609455903575,12.2,-1,-1,1
2026-06-27 00:05:29.441799,882043742,31908190,1.35,3.6,9.75,0.660726733333994,0.2477725250002478,0.09148524000009148,12.11,-1,1,1
2026-06-27 00:05:29.441836,882033592,31907951,1.222,5.0,9.2,0.7261141131895724,0.1774622892635315,0.09644689633887582,12.7,-1,-1,1
2026-06-27 00:05:29.441873,882049625,31908321,1.5,3.35,7.5,0.6068881808526778,0.27174097650119905,0.12137763617053557,9.85,-1,1,1
2026-06-27 00:05:59.444816,882043835,31908201,1.75,3.3,4.0,0.5081623578733405,0.2694800382661654,0.22232103156958646,12.45,-1,1,-1
2026-06-27 00:05:59.444878,884831180,31991082,1.181,5.25,11.0,0.7505895317830008,0.16884690229251884,0.08058602154870217,12.81,1,-1,-1
2026-06-27 00:05:59.444913,882043742,31908190,1.333,3.6,10.5,0.6679020182396027,0.2473092750870529,0.08479175145841812,12.32,-1,-1,-1
2026-06-27 00:06:29.449196,882043835,31908201,1.7,3.45,4.1,0.5242738806752648,0.25833785424578265,0.2173818529629147,12.2,-1,1,1
2026-06-27 00:06:29.449257,884831180,31991082,1.2,5.2,11.0,0.7463132127291182,0.17222612601441187,0.08141598684317652,11.66,1,-1,1
2026-06-27 00:06:29.449294,882064379,31908715,1.222,5.4,10.6,0.7453598739089607,0.16867217887347222,0.08592733640724058,9.79,-1,-1,1
2026-06-27 00:06:29.449326,882033592,31907951,1.25,4.8,8.6,0.7113640405477504,0.18525105222597665,0.10339593612612649,12.46,1,-1,-1
2026-06-27 00:07:29.476838,882043835,31908201,1.68,3.3,4.5,0.5312254308238243,0.2704420375103106,0.1983241608408944,12.05,1,-1,1
2026-06-27 00:07:59.486822,882064519,31908718,1.909,2.8,4.2,0.4680854868269275,0.3191339979830731,0.21275599865538208,11.91,1,1,-1
2026-06-27 00:07:59.486876,882049625,31908321,1.55,3.25,6.8,0.5865635878921543,0.27974571114856595,0.13370199429894697,9.99,-1,-1,1
2026-06-27 00:07:59.486903,882043835,31908201,1.65,3.35,4.6,0.5401609679684547,0.26604943198446274,0.193753390684337,12.2,1,-1,1
2026-06-27 00:07:59.486926,882058544,31908583,1.666,3.3,4.6,0.5355939109827924,0.27039377445373697,0.19397814254289827,12.07,1,1,-1
2026-06-27 00:08:29.492843,882043742,31908190,1.35,3.6,9.6,0.6597851079903275,0.24741941549637284,0.09278228081113982,12.27,-1,-1,1
2026-06-27 00:08:29.492883,882058544,31908583,1.727,3.3,4.2,0.5169066198886851,0.2705144644084119,0.21254707917803792,12.02,-1,1,-1
2026-06-27 00:08:29.492905,884831180,31991082,1.181,5.25,12.0,0.755680545117718,0.1699921378636238,0.07437156031533541,12.05,-1,1,1
2026-06-27 00:08:59.497208,884831180,31991082,1.166,5.4,13.0,0.7659488551439059,0.16538821575885077,0.06869972039213801,11.97,-1,1,1
2026-06-27 00:08:59.497273,882043742,31908190,1.333,3.65,10.6,0.6707085801401177,0.24494644858267858,0.08434476767233745,11.85,1,-1,1
2026-06-27 00:08:59.497311,882043835,31908201,1.615,3.45,4.75,0.5530502379775175,0.2588916331402002,0.1880370809123559,11.96,1,-1,1
2026-06-27 00:09:29.479176,882043742,31908190,1.285,3.85,12.0,0.6940248967551214,0.23164207592995606,0.0743184993608609,12.13,1,1,-1
2026-06-27 00:09:29.479259,882033592,31907951,1.285,4.75,8.25,0.701153362223189,0.18968043588564162,0.10920994793415731,10.99,-1,-1,1
2026-06-27 00:09:29.479362,882049625,31908321,1.533,3.25,7.2,0.5936078995439726,0.28000028000028004,0.12638901527790417,9.89,1,1,-1
2026-06-27 00:09:59.476210,882043835,31908201,1.6,3.5,4.8,0.5585344057193923,0.25533001404315075,0.18617813523979745,11.9,1,-1,1
2026-06-27 00:09:59.476276,882043742,31908190,1.333,3.75,10.6,0.6751147830154084,0.23998080153587714,0.08489886846788107,11.12,-1,-1,1
2026-06-27 00:10:29.478793,882058544,31908583,1.7,3.2,4.6,0.5261025794809472,0.2794919953492532,0.19442921415600223,11.81,-1,1,-1
2026-06-27 00:10:59.482277,882043835,31908201,1.533,3.7,5.0,0.5810758247005804,0.24075384845026743,0.17815784785319794,12.26,-1,1,1
2026-06-27 00:10:59.482353,882043742,31908190,1.3,3.75,11.0,0.6826684142978072,0.23665838362323985,0.08067899441701358,12.68,-1,-1,-1
2026-06-27 00:10:59.482380,882058544,31908583,1.75,3.1,4.4,0.5096125670459033,0.28768451365494546,0.20268681643871156,12.13,-1,-1,1
2026-06-27 00:10:59.482403,882064379,31908715,1.222,5.2,11.0,0.7429238361912376,0.1745871015049408,0.0825320843477902,10.15,-1,-1,1
2026-06-27 00:11:29.485223,882049625,31908321,1.111,6.4,23.0,0.818412446809329,0.14207128568830696,0.039532879495876715,9.98,1,1,-1
2026-06-27 00:11:29.485268,882043742,31908190,1.333,3.75,10.6,0.6751147830154084,0.23998080153587714,0.08489886846788107,11.12,-1,-1,1
2026-06-27 00:11:59.487946,882049625,31908321,1.125,6.2,20.0,0.8079339110060796,0.14660091127126446,0.04544628249409198,10.02,-1,-1,1
2026-06-27 00:11:59.488017,882043835,31908201,1.5,3.75,5.1,0.5902839265686796,0.23611357062747182,0.17361291957902342,12.94,-1,-1,-1
2026-06-27 00:11:59.488050,882033592,31907951,1.285,4.6,8.4,0.6981967672093284,0.19503974910086677,0.10680748165047464,11.46,1,-1,1
2026-06-27 00:12:29.491054,882058544,31908583,1.75,3.0,4.5,0.5070351121815185,0.2957704821058858,0.19718032140392389,12.7,1,1,-1
2026-06-27 00:12:29.491103,882064379,31908715,1.166,5.8,15.0,0.7820123398419179,0.15721144625097866,0.06078842588371174,9.67,1,1,-1
2026-06-27 00:12:29.491131,882043835,31908201,1.5,3.85,5.25,0.5968902020473333,0.2325546241742857,0.17054005772780953,11.69,1,1,-1
2026-06-27 00:12:29.491156,882049625,31908321,1.133,6.0,19.0,0.8009914993175151,0.15125389478779078,0.0477643878277234,10.19,-1,-1,1
2026-06-27 00:12:59.493405,882033592,31907951,1.25,4.8,9.0,0.7146685724495266,0.1861116074087309,0.09925952395132313,11.94,1,-1,-1
2026-06-27 00:12:59.493466,884831180,31991082,1.2,5.1,12.0,0.7489290314849765,0.1762185956435239,0.07489290314849764,11.27,1,-1,-1
2026-06-27 00:12:59.493501,882043742,31908190,1.3,3.8,11.0,0.6847954858281574,0.23427213988858017,0.08093037559787315,12.33,1,1,-1
2026-06-27 00:12:59.493534,882058544,31908583,1.75,3.1,4.5,0.5119410243939897,0.2889989653837039,0.19908817615321822,11.62,1,-1,1
2026-06-27 00:13:29.495215,882043742,31908190,1.3,3.75,11.0,0.6826684142978072,0.23665838362323985,0.08067899441701358,12.68,-1,-1,1
2026-06-27 00:13:29.495301,882043835,31908201,1.45,4.0,5.5,0.6149399664857719,0.2229157378510923,0.1621205366189762,12.15,-1,1,1
2026-06-27 00:13:29.495389,882058544,31908583,1.7,3.1,4.75,0.5246011719590182,0.28768451365494546,0.1877519983853328,12.13,1,1,-1
2026-06-27 00:13:29.495452,882049625,31908321,1.125,6.2,21.0,0.8097002084978038,0.1469214088000047,0.043376796883810916,9.78,1,1,-1
2026-06-27 00:13:59.500503,882043742,31908190,1.25,3.9,13.0,0.7059031147974941,0.22625099833253018,0.06787529949975905,13.33,1,1,-1
2026-06-27 00:13:59.500579,882058544,31908583,1.64,3.2,5.1,0.5452527028176478,0.2794420101940445,0.17533616325900833,11.83,1,1,-1
2026-06-27 00:13:59.500621,882064379,31908715,1.166,5.6,14.0,0.7743164798705592,0.16122375277304857,0.06448950110921942,10.76,-1,-1,1
2026-06-27 00:14:29.506207,882043835,31908201,1.4,4.2,5.75,0.6341877956900597,0.21139593189668657,0.15441094155931887,12.63,1,-1,1
2026-06-27 00:14:29.507197,882058544,31908583,1.68,3.2,4.8,0.5333196803495164,0.2799928321834961,0.18666188812233073,11.61,1,1,1
2026-06-27 00:14:29.507246,882043742,31908190,1.181,4.333,21.0,0.7525909259660502,0.20512575203459615,0.04232428016980501,12.51,-1,-1,1
2026-06-27 00:14:29.507273,882049625,31908321,1.133,6.0,20.0,0.8028859575165742,0.15161163164437977,0.04548348949331393,9.93,-1,-1,1
2026-06-27 00:14:59.513489,882033592,31907951,1.285,4.6,8.4,0.6981967672093284,0.19503974910086677,0.10680748165047464,11.46,-1,1,-1
2026-06-27 00:14:59.513544,882049625,31908321,1.083,7.0,29.0,0.8388852858765861,0.12978753780062038,0.03132802636566699,10.07,1,1,-1
2026-06-27 00:15:29.523600,882043742,31908190,1.166,4.5,23.0,0.7634941094138977,0.19782980701702324,0.03870583180767846,12.33,1,1,-1
2026-06-27 00:15:29.523664,884831180,31991082,1.2,5.0,11.0,0.7412678645555357,0.1779042874933286,0.08086558522424027,12.42,1,-1,-1
2026-06-27 00:15:29.523702,882049625,31908321,1.071,7.4,34.0,0.8501382282252182,0.12304027600394711,0.026779354189094374,9.83,1,1,-1
2026-06-27 00:15:29.523731,882043835,31908201,1.363,4.4,6.0,0.6506524612751176,0.2015543874359057,0.14780655078633084,12.76,1,-1,1
2026-06-27 00:15:59.527624,882064379,31908715,1.142,6.0,17.0,0.7952563278148377,0.1513637877274241,0.05342251331556144,10.11,1,1,-1
2026-06-27 00:15:59.527686,882064519,31908718,2.0,2.65,4.2,0.44822949350067237,0.3382864101891867,0.21344261595270111,11.55,1,1,-1
2026-06-27 00:15:59.527725,882058544,31908583,1.666,3.1,5.0,0.5345921767353183,0.2873001827229162,0.17812611328820807,12.28,-1,1,-1
2026-06-27 00:15:59.527758,882043835,31908201,1.363,4.4,6.0,0.6506524612751176,0.2015543874359057,0.14780655078633084,12.76,-1,1,-1
2026-06-27 00:16:29.530970,882043742,31908190,1.153,4.6,26.0,0.7721711971495145,0.19354638919856312,0.034242822704361166,12.32,1,1,-1
2026-06-27 00:16:29.531036,882043835,31908201,1.333,4.75,6.4,0.6716092631036005,0.18847476794044196,0.13988361683079678,11.7,1,-1,1
2026-06-27 00:16:29.531082,882064519,31908718,1.95,2.7,4.2,0.4573446114514518,0.3303044416038262,0.21233856960245973,12.13,-1,-1,1
2026-06-27 00:16:29.531117,882064379,31908715,1.153,5.8,15.0,0.7838961394055809,0.15583314633355774,0.06025548324897565,10.64,-1,-1,1
2026-06-27 00:16:29.531151,882049625,31908321,1.083,7.0,31.0,0.8405653474413821,0.13004746732557382,0.0293655571380328,9.85,-1,1,1
2026-06-27 00:16:59.534619,882043835,31908201,1.3,4.8,6.5,0.6798928488870154,0.18413764657356668,0.13597856977740308,13.14,1,1,-1
2026-06-27 00:17:29.540618,882043742,31908190,1.142,4.75,29.0,0.7813480347612365,0.18785251698891198,0.03076894674818386,12.07,1,-1,1
2026-06-27 00:17:29.540823,882058544,31908583,1.75,3.0,4.6,0.509203859765257,0.2970355848630666,0.1937188596933043,12.22,-1,-1,1
2026-06-27 00:17:29.540860,882043835,31908201,1.333,5.2,5.5,0.667248551887149,0.17104659993568644,0.16171678539373993,12.43,-1,-1,1
2026-06-27 00:17:29.540890,882049625,31908321,1.071,7.2,34.0,0.8472838621231916,0.12603347449082475,0.026689441656880534,10.2,1,1,-1
2026-06-27 00:17:59.550249,882043742,31908190,1.125,5.0,34.0,0.7948572734408377,0.1788428865241885,0.026300424488851247,11.83,1,-1,1
2026-06-27 00:17:59.550377,882049625,31908321,1.083,7.0,31.0,0.8405653474413821,0.13004746732557382,0.0293655571380328,9.85,-1,-1,1
2026-06-27 00:17:59.550452,884831180,31991082,1.222,4.8,11.0,0.7322213721945671,0.1864113576712002,0.08134313789288736,11.76,-1,-1,1
2026-06-27 00:18:29.555069,882043835,31908201,1.3,5.4,5.75,0.6817608519283604,0.16412761250127197,0.15413723608815108,12.83,-1,-1,-1
2026-06-27 00:18:29.555132,882043742,31908190,1.133,4.8,31.0,0.7858017566755431,0.18548195631528966,0.02871978678430291,12.32,-1,1,-1
2026-06-27 00:18:59.558359,882043835,31908201,1.285,5.6,6.0,0.6927275384827466,0.15895622981255883,0.14835914782505488,12.34,1,-1,-1
2026-06-27 00:18:59.558421,882033592,31907951,1.25,4.5,9.2,0.7074011848969848,0.1965003291380513,0.09611429142622076,13.09,-1,1,-1
2026-06-27 00:18:59.558457,882064379,31908715,1.181,5.75,14.0,0.7753319758304212,0.15924644581838737,0.06540479024683767,9.21,-1,1,1
2026-06-27 00:18:59.558486,882049625,31908321,1.071,7.2,34.0,0.8472838621231916,0.12603347449082475,0.026689441656880534,10.2,1,1,-1
2026-06-27 00:18:59.558515,882043742,31908190,1.111,5.2,34.0,0.8023622829389375,0.17142778775868453,0.026218367539563518,12.18,1,-1,1
2026-06-27 00:19:29.563824,882043742,31908190,1.111,5.1,34.0,0.7996535261202027,0.17419903284696966,0.026129854927045445,12.56,-1,-1,-1
2026-06-27 00:19:29.563898,882043835,31908201,1.25,6.0,6.25,0.7100381645513446,0.14792461761486345,0.14200763291026894,12.67,1,1,-1
2026-06-27 00:19:29.563934,882049625,31908321,1.083,7.0,31.0,0.8405653474413821,0.13004746732557382,0.0293655571380328,9.85,1,-1,1
2026-06-27 00:19:59.569213,882043742,31908190,1.1,5.4,41.0,0.8126315447313033,0.16553605540822847,0.021802309736693507,11.87,1,1,-1
2026-06-27 00:19:59.569255,882064379,31908715,1.153,5.8,15.0,0.7838961394055809,0.15583314633355774,0.06025548324897565,10.64,1,1,-1
2026-06-27 00:19:59.569338,882064519,31908718,2.0,2.625,4.1,0.44448395412925595,0.3386544412413378,0.21682144103866144,12.49,-1,-1,1
2026-06-27 00:20:29.581940,882043835,31908201,1.222,6.4,6.75,0.728895168401753,0.13917342121670973,0.1319570215980655,12.27,-1,-1,-1
2026-06-27 00:20:29.581995,882043742,31908190,1.09,5.5,56.0,0.8212614740493692,0.1627590921297841,0.015985267977032366,11.71,1,-1,1
2026-06-27 00:20:29.582031,882049625,31908321,1.071,7.2,34.0,0.8472838621231916,0.12603347449082475,0.026689441656880534,10.2,1,1,-1
2026-06-27 00:20:59.599402,884831180,31991082,1.222,4.75,11.0,0.7307828233297448,0.1880034968650417,0.08118332819172255,11.98,-1,-1,1
2026-06-27 00:20:59.599452,882043835,31908201,1.181,7.0,7.75,0.7569641076384794,0.12771065873157772,0.11535156272529601,11.86,1,1,-1
2026-06-27 00:20:59.599486,882043742,31908190,1.083,5.6,67.0,0.8267177313674978,0.15988130411982146,0.013363213478671643,11.69,1,-1,1
2026-06-27 00:20:59.599510,882033592,31907951,1.3,4.333,8.25,0.6860781031312604,0.20583926472897265,0.1081092768570471,12.12,-1,1,-1
2026-06-27 00:21:29.604291,882043835,31908201,1.153,7.6,8.25,0.7743082659033431,0.11747071455086246,0.1082154461317036,12.01,1,1,-1
2026-06-27 00:21:29.604349,882043742,31908190,1.03,6.6,501.0,0.8634594329489211,0.13475200241475588,0.0017751760797153468,12.44,1,-1,1
2026-06-27 00:21:29.604380,882033592,31907951,1.333,4.2,7.8,0.6719100285595357,0.21325144477853836,0.11482770103459759,11.65,1,-1,-1
2026-06-27 00:21:59.613025,882043835,31908201,1.125,6.8,12.0,0.7941471356105503,0.13138463640615722,0.07445129396348908,11.93,1,1,-1
2026-06-27 00:21:59.613198,884831180,31991082,1.2,4.8,12.0,0.7407407407407408,0.1851851851851852,0.07407407407407407,12.5,1,1,-1
2026-06-27 00:21:59.613239,882064379,31908715,1.181,5.75,14.0,0.7753319758304212,0.15924644581838737,0.06540479024683767,9.21,-1,-1,1
2026-06-27 00:21:59.613273,882043742,31908190,1.04,6.8,71.0,0.8564518228720597,0.13098674938043267,0.012545209799816086,12.27,1,1,-1
2026-06-27 00:22:29.620465,882043835,31908201,1.083,8.2,14.0,0.8268657957950732,0.10920678742025175,0.0639639754890046,11.67,-1,1,1
2026-06-27 00:22:29.620540,882064519,31908718,2.0,2.6,4.2,0.4453549478934711,0.34258072914882387,0.2120737847111767,12.27,-1,-1,1
2026-06-27 00:22:29.620590,882043742,31908190,1.083,5.75,51.0,0.8267177313674978,0.1557104874906087,0.017555594177862746,11.69,-1,-1,1
2026-06-27 00:22:59.624775,882043742,31908190,1.062,6.0,56.0,0.8361775914105161,0.14800343367966134,0.015857510751392287,12.61,1,-1,1
2026-06-27 00:22:59.624827,882064519,31908718,2.05,2.625,4.0,0.43600722027956784,0.3405008767897577,0.2234537003932785,11.88,-1,1,1
2026-06-27 00:23:29.629202,882064519,31908718,2.0,2.6,4.333,0.44826967903890985,0.3448228300299306,0.20690961414212314,11.54,-1,1,1
2026-06-27 00:23:59.631690,882064379,31908715,1.125,6.25,19.0,0.8069803802895043,0.14525646845211077,0.04778173304345749,10.15,1,1,-1
2026-06-27 00:24:29.629709,884831180,31991082,1.222,4.6,12.0,0.7312399299121152,0.19425547703317497,0.07446459952938372,11.91,-1,1,1
2026-06-27 00:24:29.629768,882049625,31908321,1.071,7.2,41.0,0.8511456846488216,0.1266079205915122,0.022233586055094828,9.7,1,-1,1
2026-06-27 00:24:29.629802,882064519,31908718,2.1,2.55,4.0,0.42581639648616304,0.35067232651801666,0.22355360815523562,11.83,-1,-1,1
2026-06-27 00:24:59.683414,882033592,31907951,1.35,4.0,7.75,0.6614937852658874,0.22325415252723702,0.11522794969147718,11.98,1,1,-1
2026-06-27 00:24:59.683568,882064379,31908715,1.142,6.2,17.0,0.7991027035562307,0.14718956249374443,0.05368089926242444,9.58,-1,-1,1
2026-06-27 00:24:59.683589,882049625,31908321,1.09,6.6,34.0,0.835243256245949,0.13794168928910372,0.026776916156120132,9.84,-1,-1,1
2026-06-27 00:25:59.730714,882049625,31908321,1.071,7.0,41.0,0.8480534205810693,0.1297521733489036,0.02215281008395915,10.1,1,1,-1
2026-06-27 00:26:29.735023,882033592,31907951,1.4,3.8,6.75,0.6345821910853894,0.23379343882093293,0.1316170470399326,12.56,-1,1,1
2026-06-27 00:26:29.735058,882064519,31908718,2.2,2.5,3.75,0.40540978821392665,0.35676061362825545,0.23784040908550363,12.12,-1,-1,1
2026-06-27 00:26:59.739184,882033592,31907951,1.5,3.6,5.6,0.5936479667557139,0.24735331948154746,0.15901284823813763,12.3,1,-1,-1
2026-06-27 00:26:59.739263,884831180,31991082,1.222,4.5,12.0,0.7281169192674154,0.19772419452106257,0.07414657294539846,12.39,-1,1,1
2026-06-27 00:27:29.747957,882064379,31908715,1.153,5.8,16.0,0.7868832232247638,0.15642695799623324,0.056704772273634546,10.22,-1,-1,1
2026-06-27 00:27:59.751164,884831180,31991082,1.25,4.4,11.0,0.7154355213736362,0.2032487276629648,0.08129949106518593,11.82,1,-1,-1
2026-06-27 00:28:29.756056,882033592,31907951,1.533,3.5,5.6,0.5841982095726953,0.2558788157928405,0.1599242598705253,11.66,1,-1,1
2026-06-27 00:28:59.758229,882033592,31907951,1.533,3.5,5.6,0.5841982095726953,0.2558788157928405,0.1599242598705253,11.66,-1,1,-1
2026-06-27 00:29:29.763259,882064379,31908715,1.166,5.6,15.0,0.7776162236872167,0.16191080657487403,0.060446701121286306,10.29,-1,-1,1
2026-06-27 00:29:29.763323,882033592,31907951,1.444,3.7,6.6,0.6214850360076,0.24254713297161465,0.13597339272651127,11.43,-1,1,-1
2026-06-27 00:29:59.769995,882049625,31908321,1.071,6.8,46.0,0.8468996064034079,0.13338668800853676,0.01971803214039239,10.25,1,1,-1
2026-06-27 00:29:59.770047,882064379,31908715,1.142,5.8,18.0,0.7934548229040574,0.15622851857869546,0.05034030043091297,10.36,1,1,-1
2026-06-27 00:30:59.775823,882033592,31907951,1.45,3.65,6.25,0.6137906482856827,0.24383464109979178,0.1423994304022784,12.36,1,-1,-1
2026-06-27 00:30:59.775900,882049625,31908321,1.083,6.6,41.0,0.8399536379190016,0.13782875604034525,0.022187068045518992,9.93,-1,-1,1
2026-06-27 00:31:29.780497,882064379,31908715,1.166,5.6,16.0,0.7805888168787033,0.16252974294295858,0.0568854100300355,9.87,-1,-1,1
2026-06-27 00:31:29.780555,882049625,31908321,1.062,7.2,51.0,0.8559399924437616,0.12625114888545486,0.017823691607358333,10.01,1,1,-1
2026-06-27 00:31:29.780583,882064519,31908718,2.25,2.4,3.9,0.3977131493910017,0.3728560775540642,0.22944989387942413,11.75,-1,1,1
2026-06-27 00:31:59.783346,881891717,31903378,2.25,2.9,3.2,0.40338032714144534,0.312967495195949,0.2836267925213288,10.18,1,1,-1
2026-06-27 00:31:59.783396,882064379,31908715,1.153,5.6,18.0,0.7874547745036633,0.16213131339334355,0.05044085305570688,10.14,1,1,-1
2026-06-27 00:31:59.783418,882049625,31908321,1.083,6.6,41.0,0.8399536379190016,0.13782875604034525,0.022187068045518992,9.93,-1,-1,1
2026-06-27 00:32:29.787051,882064379,31908715,1.166,5.4,16.0,0.7759277418842226,0.16754291611796363,0.05654573418981272,10.53,-1,1,-1
2026-06-27 00:32:29.787110,882049625,31908321,1.071,6.75,46.0,0.8460554694271089,0.13424080114910125,0.019698378429487684,10.36,1,1,-1
2026-06-27 00:32:59.796118,882033592,31907951,1.444,3.6,6.6,0.6173299836185316,0.24761791565143323,0.1350643176280545,12.18,1,-1,-1
2026-06-27 00:32:59.796158,882049625,31908321,1.062,7.0,51.0,0.8528390414703216,0.12938786600592594,0.017759118863558465,10.41,1,1,-1
2026-06-27 00:33:29.801732,882033592,31907951,1.48,3.55,6.4,0.60674899036968,0.2529545086611624,0.1403107040229885,11.36,-1,1,-1
2026-06-27 00:33:29.801772,882049625,31908321,1.1,6.2,34.0,0.8265965712774223,0.14665423038792974,0.02674283024721072,9.98,-1,-1,1
2026-06-27 00:33:29.801791,882064379,31908715,1.133,5.8,21.0,0.800482979410457,0.15637020959862896,0.0431879626510499,10.26,1,1,-1
2026-06-27 00:33:59.806361,882064379,31908715,1.133,5.8,20.0,0.7987443738443167,0.15603058199407085,0.04524886877828055,10.5,-1,-1,-1
2026-06-27 00:33:59.806425,881891717,31903378,2.3,2.95,3.1,0.39659090458419427,0.3092064679808972,0.29424486469149896,9.63,1,-1,1
2026-06-27 00:33:59.806535,882064519,31908718,2.15,2.4,4.2,0.4153194741224819,0.37205702890139003,0.21260401651508,11.99,1,1,-1
2026-06-27 00:34:59.817985,882064379,31908715,1.153,5.6,19.0,0.7895336264345332,0.1625593341569673,0.04791222480415878,9.85,-1,1,-1
2026-06-27 00:34:59.818029,882049625,31908321,1.09,6.25,41.0,0.8326658129066532,0.14521691777092033,0.02213672526995737,10.18,1,1,-1
2026-06-27 00:34:59.818050,882033592,31907951,1.45,3.5,6.6,0.6119932313548613,0.25354005298987103,0.13445305840371952,12.69,-1,-1,1
2026-06-27 00:35:59.842246,882049625,31908321,1.1,6.0,34.0,0.8225578258151548,0.15080226806611172,0.026612164952843246,10.52,-1,1,-1
2026-06-27 00:36:29.846901,882033592,31907951,1.45,3.45,7.0,0.6144468749231942,0.2582457880111975,0.1272782812340902,12.24,1,-1,1
2026-06-27 00:36:29.846962,882064379,31908715,1.153,5.6,20.0,0.7914067785731679,0.16294500280265403,0.04562460078474313,9.59,-1,1,1
2026-06-27 00:36:29.846995,882049625,31908321,1.09,6.4,41.0,0.8354714440037796,0.14229123030689372,0.022211313999124873,9.81,1,1,-1
2026-06-27 00:36:29.847028,884831180,31991082,1.285,3.95,10.75,0.6921114520913532,0.22515524454111105,0.08273146194766406,12.44,1,-1,-1
2026-06-27 00:36:59.859282,882064379,31908715,1.166,5.4,18.0,0.7808020148439833,0.16859539802001564,0.050578619406004686,9.84,-1,-1,1
2026-06-27 00:36:59.859342,882049625,31908321,1.083,6.5,46.0,0.8402593813489474,0.14000014000014002,0.01978262847828065,9.89,1,1,-1
2026-06-27 00:37:29.864682,882049625,31908321,1.083,6.6,46.0,0.8420217346018223,0.13816811190511719,0.019824120403777682,9.66,1,1,-1
2026-06-27 00:37:59.869862,882064519,31908718,2.25,2.3,4.1,0.3957300725175358,0.38712724485411115,0.2171689422352331,12.31,-1,-1,1
2026-06-27 00:38:29.892127,882049625,31908321,1.09,6.25,46.0,0.8346353645019564,0.1455604075691412,0.019777229289285488,9.92,-1,1,1
2026-06-27 00:38:59.930268,882064379,31908715,1.166,5.4,20.0,0.7848031964720271,0.1694593568678488,0.04575402635431918,9.28,-1,-1,1
2026-06-27 00:38:59.930317,882049625,31908321,1.071,6.6,51.0,0.8451365098296137,0.1371426063678055,0.017747866706421887,10.48,1,1,-1
2026-06-27 00:38:59.930346,882033592,31907951,1.48,3.3,7.0,0.6024212514940047,0.27017680370034153,0.12736906460158956,12.16,1,-1,1
2026-06-27 00:39:29.938140,882049625,31908321,1.083,6.5,51.0,0.8418681930747249,0.14026819278460417,0.017877318688233865,9.68,1,1,-1
2026-06-27 00:39:29.938203,882064379,31908715,1.015,10.75,51.0,0.8973692275041874,0.08472835031783721,0.017859407174838235,9.79,1,1,-1
2026-06-27 00:40:29.944007,882049625,31908321,1.071,6.8,56.0,0.8499060768794441,0.13386020710851243,0.016254453720319365,9.86,1,-1,1
2026-06-27 00:40:29.944081,882064379,31908715,1.01,10.8,56.0,0.8996810630631441,0.08413684015683107,0.01622639060167456,10.05,1,-1,-1
2026-06-27 00:40:29.944117,881891717,31903378,2.5,2.75,3.0,0.3646308113035552,0.3314825557305047,0.3038590094196293,9.7,1,1,-1
2026-06-27 00:40:59.951465,882049625,31908321,1.083,6.5,51.0,0.8418681930747249,0.14026819278460417,0.017877318688233865,9.68,-1,1,1
2026-06-27 00:40:59.951511,882064379,31908715,1.015,10.6,51.0,0.8963079283814115,0.08582571201010684,0.017838285241316323,9.92,1,1,-1
2026-06-27 00:41:29.956968,882058544,31908583,1.9,2.75,4.333,0.46963129247227997,0.3244725293444844,0.20593109986091204,12.07,-1,-1,1
2026-06-27 00:41:29.957016,881891717,31903378,2.5,2.75,2.95,0.36277888626881916,0.32979898751710834,0.3074397341261179,10.26,1,-1,-1
2026-06-27 00:41:59.963847,882049625,31908321,1.062,7.0,67.0,0.8564849787951448,0.12994100678292056,0.01357592608179767,9.94,1,1,-1
2026-06-27 00:41:59.963889,882064519,31908718,1.2,4.5,14.0,0.7394262052647146,0.19718032140392389,0.06337938902268982,12.7,-1,1,-1
2026-06-27 00:41:59.963914,881891717,31903378,2.55,2.7,3.0,0.3578400061548481,0.3379600058129121,0.30416400523162085,9.59,-1,1,1
2026-06-27 00:42:29.966868,882064379,31908715,1.02,10.25,51.0,0.8932144286285943,0.08888572850743086,0.017864288572571888,9.76,1,-1,1
2026-06-27 00:42:59.969875,882064519,31908718,1.2,4.5,14.0,0.7394262052647146,0.19718032140392389,0.06337938902268982,12.7,-1,1,1
2026-06-27 00:42:59.969911,882058544,31908583,1.95,2.7,4.2,0.4573446114514518,0.3303044416038262,0.21233856960245973,12.13,-1,-1,1
2026-06-27 00:42:59.969932,882049625,31908321,1.05,7.2,71.0,0.8615713337985819,0.1256458195122932,0.012741547894204381,10.54,1,1,-1
2026-06-27 00:42:59.969949,882033592,31907951,1.55,3.1,6.4,0.5739869130983812,0.2869934565491906,0.1390124555160142,12.4,1,-1,-1
2026-06-27 00:43:29.976718,882049625,31908321,1.05,7.4,76.0,0.8652502520041359,0.12277199521680304,0.011954115323741351,10.07,1,1,-1
2026-06-27 00:43:29.976753,882064519,31908718,1.2,4.4,14.0,0.7361601884570081,0.20077096048827495,0.0630994447248864,13.2,-1,-1,1
2026-06-27 00:43:29.976774,882064379,31908715,1.015,10.6,56.0,0.8977780890075154,0.08596648682477624,0.016272227863261216,9.74,-1,1,1
2026-06-27 00:44:30.001329,882064379,31908715,1.025,10.0,46.0,0.8891002971817744,0.09113278046113188,0.01981147401328954,9.73,-1,1,-1
2026-06-27 00:44:30.001371,882064519,31908718,1.2,4.4,17.0,0.7444464296349236,0.20303084444588823,0.05254915973893578,11.94,-1,1,1
2026-06-27 00:44:30.001391,884831180,31991082,1.35,3.5,10.75,0.6616710502373745,0.25521597652013017,0.08309357375074006,11.95,-1,-1,1
2026-06-27 00:45:00.004498,882049625,31908321,1.04,7.75,91.0,0.8728562650131277,0.11713167943401973,0.009975500171578604,10.16,-1,-1,-1
2026-06-27 00:45:00.004562,882064379,31908715,1.02,10.25,51.0,0.8932144286285943,0.08888572850743086,0.017864288572571888,9.76,1,1,-1
2026-06-27 00:45:30.008648,884831180,31991082,1.333,3.5,12.0,0.6702890876400301,0.2552843868069029,0.07445794615201334,11.92,-1,1,-1
2026-06-27 00:45:30.012202,882064519,31908718,1.222,4.333,14.0,0.7303262878756341,0.2059678568622259,0.06374705169885893,12.05,1,-1,1
2026-06-27 00:45:30.012229,882064379,31908715,1.025,9.75,46.0,0.8869985963247213,0.0932485703828553,0.019764642635496505,9.99,-1,-1,1
2026-06-27 00:45:30.012246,882049625,31908321,1.03,8.4,101.0,0.8827730372865674,0.1082447890958529,0.00900253691490262,9.98,1,1,-1
2026-06-27 00:46:00.014894,882049625,31908321,1.04,7.6,91.0,0.8708798673475785,0.11917303447914232,0.009952912769686613,10.41,-1,-1,-1
2026-06-27 00:46:30.019796,882064379,31908715,1.02,10.0,51.0,0.89126559714795,0.09090909090909091,0.017825311942959,10.0,1,1,-1
2026-06-27 00:46:30.019862,881891717,31903378,2.55,2.75,2.9,0.3563118869208596,0.33039829514479707,0.31330872815454897,10.06,1,-1,1
2026-06-27 00:46:30.019897,882049625,31908321,1.02,8.8,126.0,0.8896480552293512,0.10311829731067479,0.007201912828047129,10.2,1,1,-1
2026-06-27 00:46:30.019927,882064519,31908718,1.25,4.1,13.0,0.7137758743754461,0.2176145958461726,0.06863229561302367,12.08,1,-1,-1
2026-06-27 00:46:30.019954,882033592,31907951,1.48,3.2,7.6,0.6033896014249649,0.2790676906590463,0.11750218554065106,11.98,-1,1,-1
2026-06-27 00:46:30.019980,884831180,31991082,1.363,3.4,10.8,0.6548337337859893,0.26251128798538337,0.08264244251391697,12.04,1,-1,-1
2026-06-27 00:47:00.024601,882033592,31907951,1.533,3.1,7.0,0.5835710510009587,0.2885852971562805,0.12780206016920992,11.78,-1,1,-1
2026-06-27 00:47:00.024652,882049625,31908321,1.03,8.2,101.0,0.880451425054654,0.11059328875686508,0.008978861067389045,10.27,-1,-1,1
2026-06-27 00:47:00.024677,882064379,31908715,1.015,10.25,56.0,0.8951677947272828,0.088643445038848,0.016224916279431997,10.06,1,1,-1
2026-06-27 00:47:30.028287,882064379,31908715,1.025,9.75,51.0,0.8886953507902725,0.09342694713436198,0.017861034010980964,9.78,-1,-1,1
2026-06-27 00:47:30.028338,881891717,31903378,2.6,2.75,2.85,0.34993666146427493,0.33084920720258726,0.31924046309021575,9.91,-1,-1,1
2026-06-27 00:47:30.028366,882058544,31908583,2.05,2.5,4.333,0.4360851761566069,0.3575898444484177,0.20631770392823542,11.86,1,1,-1
2026-06-27 00:48:00.032420,884831180,31991082,1.4,3.25,10.25,0.6380399413003255,0.27484797471398636,0.08714691881175177,11.95,-1,1,-1
2026-06-27 00:48:00.032477,882064519,31908718,1.222,4.2,15.0,0.7286355672376886,0.21199825313439416,0.05935951087763037,12.31,-1,1,1
2026-06-27 00:48:00.032504,882033592,31907951,1.55,3.0,7.0,0.575317719210434,0.2972474882587242,0.12739178068231038,12.14,1,1,-1
2026-06-27 00:48:00.032527,882049625,31908321,1.03,8.2,101.0,0.880451425054654,0.11059328875686508,0.008978861067389045,10.27,-1,1,-1
2026-06-27 00:48:30.037669,882049625,31908321,1.01,9.6,176.0,0.9001718428047913,0.09470557929508742,0.0051657588706411324,9.99,1,1,-1
2026-06-27 00:48:30.037720,882064379,31908715,1.025,9.5,56.0,0.887967376078603,0.09580700636637557,0.016252974294295855,9.87,1,-1,1
2026-06-27 00:49:00.042900,882064379,31908715,1.02,9.75,51.0,0.8891639369333803,0.09302022724841516,0.017783278738667606,10.26,1,-1,-1
2026-06-27 00:49:00.042935,882049625,31908321,1.015,9.4,151.0,0.8971240893069089,0.09687031389856515,0.006030337421500082,9.82,-1,-1,1
2026-06-27 00:49:30.046001,884831180,31991082,1.4,3.2,10.0,0.6339063847051067,0.2773340433084842,0.08874689385871495,12.68,-1,1,-1
2026-06-27 00:49:30.046039,882049625,31908321,1.01,9.75,176.0,0.9014832103259492,0.09338441460812397,0.005173284331984141,9.83,1,-1,1
2026-06-27 00:50:00.048529,882049625,31908321,1.02,9.0,151.0,0.8928077195726664,0.10118487488490219,0.00603088658254384,9.81,1,1,1
2026-06-27 00:50:00.048592,882058544,31908583,2.0,2.55,4.4,0.4466678577809541,0.3503277315929052,0.20303084444588823,11.94,1,-1,1
2026-06-27 00:50:30.058680,882049625,31908321,1.01,9.75,176.0,0.9014832103259492,0.09338441460812397,0.005173284331984141,9.83,1,1,1
2026-06-27 00:51:00.061907,882058544,31908583,2.0,2.45,4.5,0.44232130219391363,0.36107861403584784,0.19658724541951716,13.04,-1,1,-1
2026-06-27 00:51:30.065888,882049625,31908321,1.01,9.75,176.0,0.9014832103259492,0.09338441460812397,0.005173284331984141,9.83,-1,1,1
2026-06-27 00:53:30.080097,882058544,31908583,2.15,2.35,4.4,0.41606250923138693,0.38065293397765193,0.2033032715562459,11.79,1,-1,1
2026-06-27 00:54:00.085275,881891717,31903378,2.65,2.7,2.85,0.3434903427690131,0.33712941049551276,0.3193857573115384,9.86,1,-1,1
2026-06-27 00:55:30.102643,882064519,31908718,1.25,4.1,13.0,0.7137758743754461,0.2176145958461726,0.06863229561302367,12.08,1,-1,1
2026-06-27 00:56:30.119565,881891717,31903378,2.65,2.7,2.85,0.3434903427690131,0.33712941049551276,0.3193857573115384,9.86,1,1,-1
2026-06-27 00:57:00.123900,881891717,31903378,2.6,2.7,2.875,0.34876259032951085,0.3358454573543438,0.31540269038494895,10.28,-1,1,1
2026-06-27 00:57:00.123943,882064379,31908715,1.03,9.4,46.0,0.8834156382236279,0.0967997986564188,0.019780828421094274,9.9,-1,-1,1
2026-06-27 00:57:30.127955,882064379,31908715,1.015,10.0,56.0,0.8931390398666009,0.09065361254645998,0.016188145097582138,10.31,1,1,-1
2026-06-27 00:57:30.128033,881891717,31903378,2.6,2.7,2.9,0.3497139340019863,0.33676156607598684,0.3135366304845395,9.98,1,-1,1
2026-06-27 00:58:00.131918,882058544,31908583,2.15,2.3,4.6,0.4162859384854269,0.3891368555407252,0.1945684277703626,11.73,1,1,-1
2026-06-27 01:02:00.148847,882081954,31909279,2.1,2.9,3.4,0.4270383608559557,0.3092346751025886,0.26375898758750205,11.51,1,-1,1
2026-06-27 01:02:00.148926,882058544,31908583,2.0,2.4,4.8,0.4444444444444444,0.3703703703703704,0.1851851851851852,12.5,1,-1,1
2026-06-27 01:02:30.179657,882081980,31909280,2.5,2.65,2.875,0.35549235691432635,0.33537014803238335,0.30912378862115336,12.52,-1,1,1
2026-06-27 01:02:30.179699,882081954,31909279,2.15,2.875,3.25,0.4150600384345595,0.3103927243945402,0.27457817927209327,12.06,-1,1,-1
2026-06-27 01:03:00.226476,882081954,31909279,2.15,2.9,3.25,0.4161741938705865,0.30854293683509,0.2753152359451572,11.76,1,-1,1
2026-06-27 01:03:00.226515,881891717,31903378,2.5,2.6,3.2,0.3645975754261234,0.3505745917558879,0.28484185580165894,9.71,-1,1,-1
2026-06-27 01:03:00.226533,882081980,31909280,2.55,2.7,2.85,0.35221561230923126,0.33264807829205173,0.3151402846977332,11.34,1,-1,1
2026-06-27 01:03:30.298664,882081954,31909279,2.1,2.9,3.4,0.4270383608559557,0.3092346751025886,0.26375898758750205,11.51,1,1,-1
2026-06-27 01:03:30.298827,882058544,31908583,1.95,2.45,4.8,0.45410476651068177,0.3614303243656446,0.18448006139496445,12.93,-1,-1,1
2026-06-27 01:04:00.315834,882081954,31909279,2.15,2.875,3.25,0.4150600384345595,0.3103927243945402,0.27457817927209327,12.06,-1,1,-1
2026-06-27 01:04:00.315870,882058544,31908583,1.153,4.8,21.0,0.7721024558340023,0.1854654440784593,0.04239210150364784,12.33,-1,1,1
2026-06-27 01:04:30.342160,882064379,31908715,1.015,10.25,56.0,0.8951677947272828,0.088643445038848,0.016224916279431997,10.06,-1,-1,1
2026-06-27 01:04:30.342221,881891717,31903378,2.55,2.6,3.1,0.3567008029335075,0.34984117210786303,0.29341517660659483,9.94,1,-1,-1
2026-06-27 01:04:30.342256,882081980,31909280,2.5,2.7,2.875,0.3577177606868181,0.3312201487840908,0.3110589223363635,11.82,1,1,-1
2026-06-27 01:04:30.342300,882058544,31908583,1.181,4.6,18.0,0.7562204615561339,0.1941513837169118,0.04961646472765523,11.97,-1,-1,1
2026-06-27 01:05:00.346735,881891717,31903378,2.5,2.6,3.2,0.3645975754261234,0.3505745917558879,0.28484185580165894,9.71,-1,-1,1
2026-06-27 01:05:30.352022,882081980,31909280,2.55,2.7,2.8,0.35023386866580164,0.33077643151770153,0.31896298753492647,11.97,1,-1,1
2026-06-27 01:05:30.352066,882064519,31908718,1.222,4.2,14.0,0.7255347154576187,0.2110960529260024,0.06332881587780072,12.79,1,1,-1
2026-06-27 01:05:30.352086,882064379,31908715,1.02,9.75,51.0,0.8891639369333803,0.09302022724841516,0.017783278738667606,10.26,-1,-1,1
2026-06-27 01:06:00.354483,881891717,31903378,2.4,2.65,3.25,0.37820338265105446,0.3425238182500116,0.27928865180385565,10.17,-1,1,1
2026-06-27 01:06:00.354542,882081980,31909280,2.5,2.65,2.9,0.3564427018356799,0.33626669984498103,0.3072781912376551,12.22,-1,1,-1
2026-06-27 01:06:00.354575,882033592,31907951,1.571,2.95,6.8,0.5670205214933098,0.30196245398847105,0.13099841753911612,12.26,1,-1,-1
2026-06-27 01:06:30.358362,882081980,31909280,2.55,2.7,2.8,0.35023386866580164,0.33077643151770153,0.31896298753492647,11.97,1,-1,1
2026-06-27 01:07:00.362012,882058544,31908583,1.181,4.6,19.0,0.758184142912252,0.19465553756073253,0.04712713014628261,11.68,-1,-1,1
2026-06-27 01:07:00.362088,882064379,31908715,1.02,9.75,56.0,0.8906178750569995,0.09317233154442456,0.016221968438538206,10.08,1,1,-1
2026-06-27 01:07:00.362268,882081980,31909280,1.4,4.1,6.25,0.6387817155121751,0.2181205857846452,0.14308710427472723,11.82,1,1,-1
2026-06-27 01:07:30.365520,882081980,31909280,1.444,3.85,6.0,0.6189299987695672,0.232138939798248,0.1489558197038758,11.89,1,1,-1
2026-06-27 01:07:30.365581,882058544,31908583,1.142,5.0,23.0,0.7824651439164666,0.17871503887052095,0.03885109540663499,11.91,1,1,-1
2026-06-27 01:08:00.369484,882033592,31907951,1.615,2.875,6.6,0.5535941407596142,0.3109754912440963,0.1354628086858753,11.85,1,1,-1
2026-06-27 01:08:00.369526,882081980,31909280,1.4,3.9,6.25,0.6317199206559779,0.22677125356881261,0.14150526222693907,13.07,1,1,-1
2026-06-27 01:08:30.372604,882064379,31908715,1.02,9.75,56.0,0.8906178750569995,0.09317233154442456,0.016221968438538206,10.08,1,1,-1
2026-06-27 01:09:00.375227,882058544,31908583,1.142,5.0,23.0,0.7824651439164666,0.17871503887052095,0.03885109540663499,11.91,-1,-1,1
2026-06-27 01:09:00.375291,882081936,31909278,1.64,3.2,5.2,0.547062710892675,0.280369639332496,0.17253516266615135,11.46,1,-1,1
2026-06-27 01:09:00.375326,884831180,31991082,1.444,3.0,11.0,0.6200938177142449,0.29847182425978985,0.08140140661630633,11.68,-1,-1,1
2026-06-27 01:09:30.377797,881891717,31903378,2.3,2.75,3.35,0.39637397091407806,0.33151277567359255,0.27213735316488935,9.69,-1,1,1
2026-06-27 01:10:00.381400,882081980,31909280,1.533,3.4,5.6,0.5798361962745525,0.26143790849673204,0.15873015873015872,12.5,1,1,-1
2026-06-27 01:10:00.381467,881891717,31903378,2.333,2.85,3.2,0.39252075257218844,0.32131611078979494,0.28617216117216115,9.2,1,-1,-1
2026-06-27 01:10:00.381505,882058544,31908583,1.125,5.1,29.0,0.7940052602848494,0.1751482191804815,0.030801928200705365,11.95,1,1,-1
2026-06-27 01:10:00.381535,884831180,31991082,1.45,2.95,10.75,0.6148303222018304,0.30220473464157765,0.08293060159931666,12.17,-1,-1,1
2026-06-27 01:10:00.381563,882064379,31908715,1.025,9.6,56.0,0.8888572850743086,0.09490403304178816,0.016269262807163683,9.76,1,1,1
2026-06-27 01:10:30.385188,882081980,31909280,1.533,3.4,5.6,0.5798361962745525,0.26143790849673204,0.15873015873015872,12.5,1,-1,-1
2026-06-27 01:10:30.385257,881891717,31903378,2.3,2.75,3.35,0.39637397091407806,0.33151277567359255,0.27213735316488935,9.69,-1,1,1
2026-06-27 01:10:30.385334,882058544,31908583,1.133,5.0,26.0,0.7872736893211756,0.1783962180001784,0.03430696500003431,12.11,-1,-1,1
2026-06-27 01:10:30.385675,882033592,31907951,1.65,2.75,6.6,0.5405463842852355,0.32432783057114134,0.13513659607130887,12.12,1,-1,-1
2026-06-27 01:11:00.389735,882058544,31908583,1.125,5.1,26.0,0.7912487884002928,0.17454017391182933,0.03423672642116652,12.34,1,-1,-1
2026-06-27 01:11:30.395275,882033592,31907951,1.65,2.8,6.5,0.5425788774043027,0.3197339813275355,0.13773156118724605,11.7,1,1,-1
2026-06-27 01:12:00.399306,884831180,31991082,1.5,2.85,10.25,0.5978537051983379,0.3146598448412305,0.08749078612658605,11.51,-1,1,1
2026-06-27 01:12:00.399367,882058544,31908583,1.111,5.25,31.0,0.8016476745643927,0.169643917417341,0.02873001827229162,12.28,1,1,-1
2026-06-27 01:12:30.429428,882081980,31909280,1.533,3.4,5.6,0.5798361962745525,0.26143790849673204,0.15873015873015872,12.5,-1,-1,1
2026-06-27 01:13:00.445160,882081980,31909280,1.45,3.55,6.5,0.6129178567488386,0.2503467302213566,0.1367278295824332,12.52,1,1,-1
2026-06-27 01:13:00.445288,882058544,31908583,1.615,3.1,5.8,0.5557306106979254,0.28951772137972565,0.15474223039261198,11.42,-1,1,-1
2026-06-27 01:13:30.449312,884831180,31991082,1.45,2.875,12.0,0.6153240296340053,0.31033733668497654,0.07435165358077563,12.08,-1,1,1
2026-06-27 01:13:30.449379,882058544,31908583,1.615,2.85,6.5,0.5509342881391838,0.31219609661220404,0.1368859808222741,12.39,1,-1,1
2026-06-27 01:14:00.532911,882081936,31909278,1.666,3.0,5.25,0.5340214377565973,0.2965599051008303,0.16946280291476018,12.4,1,-1,-1
2026-06-27 01:14:00.532966,884831180,31991082,1.48,2.8,10.6,0.5994283850919763,0.3168407178343303,0.08369377452227594,12.72,-1,-1,1
2026-06-27 01:14:00.533001,882081980,31909280,1.48,3.5,6.25,0.6025286924163329,0.25478356136462077,0.14267879436418762,12.14,-1,-1,1
2026-06-27 01:14:30.537007,882081954,31909279,2.2,2.7,3.45,0.4077372215154777,0.33223032864224106,0.2600063441547974,11.48,-1,1,1
2026-06-27 01:14:30.537074,884831180,31991082,1.533,2.75,9.75,0.5832058299587587,0.3251107408461007,0.0916979012642848,11.85,1,-1,-1
2026-06-27 01:14:30.537108,882033592,31907951,1.666,2.65,6.8,0.5336890691192455,0.3355192411896841,0.13075382193421514,12.47,-1,1,-1
2026-06-27 01:14:30.537137,882058544,31908583,1.571,2.95,6.8,0.5670205214933098,0.30196245398847105,0.13099841753911612,12.26,-1,1,-1
2026-06-27 01:14:30.537165,881891717,31903378,2.25,2.75,3.35,0.40163062031849306,0.3286068711696762,0.2697519091691371,10.66,-1,1,-1
2026-06-27 01:14:30.537192,882081936,31909278,1.615,3.1,5.6,0.5527046741405235,0.28794130604417595,0.1593960801315974,12.03,1,1,-1
2026-06-27 01:15:00.541236,882058544,31908583,1.533,3.35,6.0,0.5837277143703549,0.267120771979031,0.14914243102162567,11.75,1,-1,-1
2026-06-27 01:15:00.542123,882064519,31908718,1.2,4.333,17.0,0.74212604268709,0.20552763702388827,0.0523853677190887,12.29,1,-1,1
2026-06-27 01:15:00.542198,882033592,31907951,1.727,2.6,6.4,0.5170450893823603,0.3434372574474369,0.13952138583802126,11.99,1,-1,-1
2026-06-27 01:15:30.544667,884831180,31991082,1.55,2.7,10.0,0.5783606367750611,0.33202184703753507,0.08964589870013448,11.55,-1,1,1
2026-06-27 01:15:30.544730,882081936,31909278,1.666,3.0,5.25,0.5340214377565973,0.2965599051008303,0.16946280291476018,12.4,-1,-1,1
2026-06-27 01:15:30.544770,882033592,31907951,1.64,2.65,7.5,0.5442307189940875,0.3368069355284164,0.11900511722004045,12.04,-1,1,1
2026-06-27 01:15:30.544804,882064519,31908718,1.222,4.2,17.0,0.7337971714173674,0.21350003416000546,0.05274706726306017,11.52,1,-1,1
2026-06-27 01:15:30.544831,882058544,31908583,1.533,3.35,6.0,0.5837277143703549,0.267120771979031,0.14914243102162567,11.75,1,-1,-1
2026-06-27 01:16:00.548042,882033592,31907951,1.666,2.6,7.2,0.5341640082214252,0.3422758606526516,0.12359961634679087,12.37,-1,1,-1
2026-06-27 01:16:00.548093,882058544,31908583,1.5,3.35,6.4,0.5944949765174484,0.26619178053020076,0.139334760121277,12.14,-1,-1,1
2026-06-27 01:16:00.548116,881891717,31903378,2.15,2.85,3.5,0.42218052016861896,0.31848705907457214,0.25933946238929445,10.17,-1,-1,1
2026-06-27 01:16:30.550783,881891717,31903378,2.2,2.85,3.45,0.41499630653287184,0.3203480260955502,0.26463532590501976,9.53,1,1,-1
2026-06-27 01:16:30.551097,882033592,31907951,1.666,2.6,7.4,0.5359286571771565,0.34340659340659335,0.12065637065637062,12.0,-1,-1,1
2026-06-27 01:17:00.555724,882058544,31908583,1.45,3.75,6.0,0.6141185862990144,0.23745918670228555,0.14841199168892846,12.3,-1,1,-1
2026-06-27 01:17:00.555785,882081980,31909280,1.444,3.55,6.8,0.6176052578464896,0.2512174626282622,0.13115029298975456,12.13,1,1,-1
2026-06-27 01:17:00.555823,881891717,31903378,2.15,2.875,3.5,0.4233332839444502,0.3165796732106323,0.2600475887087337,9.87,1,-1,-1
2026-06-27 01:17:30.557451,882058544,31908583,1.444,3.8,6.2,0.6199827892777697,0.23559345992555245,0.1443959915672741,11.7,-1,-1,1
2026-06-27 01:18:00.580733,882033592,31907951,1.7,2.5,7.25,0.5223186770712548,0.3551767004084533,0.12247472427877698,12.62,-1,-1,1
2026-06-27 01:18:30.584461,882058544,31908583,1.4,3.9,6.25,0.6317199206559779,0.22677125356881261,0.14150526222693907,13.07,1,1,-1
2026-06-27 01:18:30.584512,882081936,31909278,1.7,2.95,5.25,0.526290859906636,0.30328625825128175,0.1704179927316726,11.77,-1,1,1
2026-06-27 01:18:30.584547,884831180,31991082,1.6,2.55,10.0,0.5594343000358039,0.3510176000224652,0.08950948800572861,11.72,-1,1,1
2026-06-27 01:19:00.591048,882081954,31909279,2.25,2.625,3.35,0.39544838904212515,0.3389557620361073,0.26559966428202436,12.39,-1,-1,1
2026-06-27 01:19:00.591099,882081936,31909278,1.833,2.85,4.5,0.4876675936739955,0.31364726287874867,0.19864326648987415,11.87,-1,-1,1
2026-06-27 01:19:00.591131,882058544,31908583,1.363,4.1,6.6,0.6497880748683221,0.21601491366963976,0.13419108273417016,12.91,1,1,-1
2026-06-27 01:19:00.591161,882033592,31907951,1.75,2.45,7.2,0.5108883070438724,0.36492021931705176,0.12417424129538568,11.85,1,-1,-1
2026-06-27 01:19:30.593726,882081954,31909279,2.375,2.6,3.2,0.37654501124928214,0.34395938527578657,0.27946700053657664,11.82,-1,-1,1
2026-06-27 01:20:00.597075,882081954,31909279,2.25,2.625,3.35,0.39544838904212515,0.3389557620361073,0.26559966428202436,12.39,1,1,-1
2026-06-27 01:20:00.597135,882081980,31909280,1.48,3.65,6.0,0.6052814437657221,0.2454291881570599,0.1493027561288781,11.63,-1,-1,1
2026-06-27 01:20:00.597174,882058544,31908583,1.35,4.333,7.0,0.6646991571614687,0.2070952832143971,0.12819198030971182,11.44,-1,1,1
2026-06-27 01:20:00.597207,884831180,31991082,1.615,2.5,10.0,0.5532478971047432,0.3573981415296641,0.08934953538241602,11.92,-1,-1,1
2026-06-27 01:20:30.600751,884831180,31991082,1.615,2.45,9.75,0.5480087144345769,0.36123839747422104,0.09077272551916324,12.99,-1,-1,-1
2026-06-27 01:20:30.600824,882081980,31909280,1.444,3.75,6.25,0.6187640954460943,0.2382654276864427,0.14295925661186562,11.92,1,1,-1
2026-06-27 01:21:00.636226,884831180,31991082,1.64,2.5,9.4,0.5463274774312119,0.35839082519487503,0.0953167088284242,11.61,-1,1,1
2026-06-27 01:21:00.636290,882058544,31908583,1.333,4.5,7.2,0.6750540330124375,0.19996600577901757,0.12497875361188598,11.13,1,-1,-1
2026-06-27 01:21:00.636324,882064519,31908718,1.2,4.333,19.0,0.7461795606494747,0.2066502360441656,0.04712713014628261,11.68,1,-1,-1
2026-06-27 01:21:00.636358,882033592,31907951,1.769,2.333,7.8,0.5037796318771398,0.3819914996959538,0.11425463702444365,12.21,1,1,-1
2026-06-27 01:21:30.644598,882081936,31909278,1.833,2.8,4.6,0.4870580636042306,0.318849082352341,0.19408205012751192,12.01,-1,1,1
2026-06-27 01:21:30.644658,882058544,31908583,1.285,4.8,7.6,0.6960111946440546,0.18632799689950214,0.11768084014705396,11.81,-1,1,1
2026-06-27 01:21:30.644695,882081980,31909280,1.444,3.6,7.0,0.622099151655829,0.24953088194194917,0.12833016785585954,11.32,1,1,-1
2026-06-27 01:21:30.644724,882033592,31907951,1.85,2.3,7.0,0.48340237930651087,0.38882365292045445,0.12775634310243503,11.82,1,-1,-1
2026-06-27 01:21:30.644751,882064519,31908718,1.181,4.4,20.0,0.7533274473348781,0.20219993529602068,0.04448398576512455,12.4,-1,1,1
2026-06-27 01:21:30.644778,884831180,31991082,1.65,2.45,9.4,0.5408358076571533,0.36423636025889916,0.09493394496109607,12.06,-1,1,-1
2026-06-27 01:22:00.647796,882064519,31908718,1.2,4.333,20.0,0.7479879125153337,0.20715104893108707,0.044879274750920024,11.41,1,-1,1
2026-06-27 01:22:00.647872,882081980,31909280,1.4,3.65,7.5,0.6368453230079479,0.2442694389619526,0.11887779362815026,12.16,1,1,-1
2026-06-27 01:22:30.652272,882058544,31908583,1.222,5.4,8.4,0.7289600975990095,0.1649609702344425,0.1060463380078559,12.26,-1,1,1
2026-06-27 01:22:30.652341,882033592,31907951,1.85,2.25,7.4,0.4825823949116511,0.39678996914957987,0.12064559872791278,12.01,1,-1,-1
2026-06-27 01:22:30.652378,884831180,31991082,1.65,2.4,10.25,0.5409806355981488,0.37192418697372726,0.08708468768165321,12.03,1,-1,-1
2026-06-27 01:23:00.656550,882081980,31909280,1.166,5.1,15.0,0.7654703080191282,0.17500752532358893,0.059502558610020226,12.04,1,1,-1
2026-06-27 01:23:00.656630,884831180,31991082,1.727,2.35,9.0,0.5189914812219281,0.3814035268384127,0.09958869867447442,11.57,1,-1,-1
2026-06-27 01:23:30.659596,882058544,31908583,1.181,5.8,9.25,0.7511221953378897,0.15294401943000824,0.09590003380476192,12.73,1,1,-1
2026-06-27 01:24:00.665371,884831180,31991082,1.666,2.333,11.0,0.5360243758156952,0.3827760866304964,0.08118332819172255,11.98,-1,-1,1
2026-06-27 01:24:00.665437,882058544,31908583,1.181,6.0,9.25,0.7550067327725396,0.1486104919007282,0.0963959947464183,12.15,1,1,-1
2026-06-27 01:24:30.672043,882081936,31909278,1.8,2.8,5.0,0.4992860209899843,0.3209695849221328,0.17974296755639435,11.27,-1,1,1
2026-06-27 01:24:30.672108,882058544,31908583,1.166,6.2,9.5,0.7628828794739648,0.143471199591394,0.0936338355228045,12.42,1,-1,1
2026-06-27 01:24:30.672142,884831180,31991082,1.75,2.3,9.25,0.5128139382828425,0.39018451825868455,0.09701885318864588,11.43,-1,-1,1
2026-06-27 01:25:00.674613,882058544,31908583,1.142,6.75,10.5,0.7825350693091311,0.13239334061496705,0.08511000468105025,11.9,1,1,-1
2026-06-27 01:25:00.674670,882081980,31909280,1.142,5.4,17.0,0.7820458538509582,0.16538821575885077,0.052535080299870245,11.97,1,1,-1
2026-06-27 01:25:00.674700,882081936,31909278,1.769,2.75,5.2,0.5041840215209942,0.32432783057114134,0.1715195257828151,12.12,1,-1,-1
2026-06-27 01:25:30.679028,882058544,31908583,1.125,7.4,11.0,0.7972812708663457,0.12120830131414038,0.08154012997496718,11.49,-1,1,1
2026-06-27 01:25:30.679089,882081936,31909278,1.9,2.7,4.5,0.470386799064871,0.3310129326752796,0.19860775960516777,11.89,-1,-1,1
2026-06-27 01:26:00.682750,882058544,31908583,1.1,8.0,12.0,0.8135769725173698,0.11186683372113836,0.07457788914742557,11.74,-1,1,1
2026-06-27 01:26:00.682804,882064519,31908718,1.166,4.5,23.0,0.7634941094138977,0.19782980701702324,0.03870583180767846,12.33,1,1,-1
2026-06-27 01:26:00.682832,884831180,31991082,1.75,2.2,10.25,0.5086146608175981,0.40457984383218026,0.0868366494078826,12.35,1,-1,-1
2026-06-27 01:26:00.682859,882081936,31909278,1.8,2.75,5.1,0.49812207975930745,0.3260435431151831,0.17580779285622616,11.53,1,1,-1
2026-06-27 01:26:30.685266,882058544,31908583,1.1,8.0,12.0,0.8135769725173698,0.11186683372113836,0.07457788914742557,11.74,1,-1,-1
2026-06-27 01:26:30.685330,884831180,31991082,1.727,2.2,10.75,0.5139701718438711,0.40346658489743875,0.08256990574645258,12.66,-1,-1,-1
2026-06-27 01:27:00.689598,882033592,31907951,1.909,2.1,8.0,0.465630638496013,0.42328042328042326,0.1111111111111111,12.5,-1,1,-1
2026-06-27 01:27:00.689667,882081936,31909278,1.909,2.7,4.5,0.4692175459584509,0.33175418342025287,0.19905251005215174,11.64,-1,-1,1
2026-06-27 01:27:00.689705,882081954,31909279,2.333,2.5,3.4,0.3817533503819289,0.35625222657641614,0.26195016660030596,12.28,-1,-1,1
2026-06-27 01:27:30.691585,882033592,31907951,1.95,2.05,8.2,0.4568149944953794,0.43453133622731205,0.10863283405682801,12.26,1,-1,1
2026-06-27 01:27:30.691637,882081936,31909278,1.9,2.65,4.6,0.4694637315794168,0.3365966377361857,0.19390893260888958,12.11,-1,-1,1
2026-06-27 01:28:00.695993,884831180,31991082,1.833,2.1,10.0,0.4863633208907005,0.4245256986631686,0.08915039671926542,12.17,-1,-1,1
2026-06-27 01:28:00.696081,882033592,31907951,1.909,2.05,8.75,0.46525843175061243,0.43325772985947286,0.10150609670993363,12.59,-1,-1,1
2026-06-27 01:28:30.699453,884831180,31991082,1.833,2.1,10.25,0.48740617979370926,0.4254359655056519,0.08716249049384088,11.93,-1,-1,1
2026-06-27 01:28:30.699508,882033592,31907951,2.0,2.0,8.0,0.4444444444444444,0.4444444444444444,0.1111111111111111,12.5,1,-1,-1
2026-06-27 01:29:00.702949,882064519,31908718,1.153,4.6,26.0,0.7721711971495145,0.19354638919856312,0.034242822704361166,12.32,1,1,-1
2026-06-27 01:30:00.712354,882081936,31909278,1.8,2.7,5.25,0.4976312751303794,0.33175418342025287,0.17061643718755862,11.64,1,1,-1
2026-06-27 01:30:30.716896,885515182,32013239,1.666,3.75,3.95,0.5358808106762034,0.23807398148974793,0.2260196026801404,12.01,1,-1,-1
2026-06-27 01:31:00.720193,882033592,31907951,1.95,2.0,9.0,0.4562866027409137,0.4448794376723908,0.09886209726053129,12.39,-1,1,-1
2026-06-27 01:31:00.720278,885515182,32013239,1.666,3.75,3.95,0.5358808106762034,0.23807398148974793,0.2260196026801404,12.01,1,-1,-1
2026-06-27 01:31:30.724709,882081954,31909279,2.35,2.4,3.55,0.378620798019056,0.37073286472699235,0.250636302914023,12.39,1,-1,1
2026-06-27 01:32:00.730379,882081936,31909278,1.95,2.6,4.5,0.45799813594758676,0.34349860196069004,0.1984658589106209,11.97,-1,1,-1
2026-06-27 01:32:00.730441,882033592,31907951,1.909,2.05,8.6,0.46443343231493456,0.43248947428741963,0.10309342119641977,12.79,-1,-1,1
2026-06-27 01:32:30.741956,882081936,31909278,1.85,2.6,5.1,0.48210893733548027,0.3430390515656302,0.17488265373934092,12.12,-1,1,-1
2026-06-27 01:32:30.742014,885515182,32013239,1.65,3.6,4.2,0.5402091149483966,0.24759584435134843,0.21222500944401293,12.19,1,-1,-1
2026-06-27 01:32:30.742054,882033592,31907951,1.9,2.15,8.0,0.47144015538667516,0.41662153266729435,0.11196703690433536,11.64,1,1,-1
2026-06-27 01:37:34.936305,884831180,31991082,1.727,2.1,14.0,0.5139245545391898,0.4226417646138956,0.06339626469208434,12.67,-1,-1,1
2026-06-27 01:38:04.943040,882033592,31907951,1.666,2.45,9.0,0.5361680178994332,0.3645942521716145,0.09925065753560618,11.95,-1,1,1
2026-06-27 01:38:04.943107,884831180,31991082,1.7,2.2,12.0,0.5223650600458636,0.40364572821725825,0.07400171683983067,12.61,1,-1,-1
2026-06-27 01:38:34.945160,882081980,31909280,1.111,5.6,23.0,0.802147766688263,0.15914038728404648,0.03874722473002871,12.21,1,1,-1
2026-06-27 01:38:34.945226,881891717,31903378,1.4,3.55,8.75,0.6433267714002651,0.2537063323832031,0.1029322834240424,11.03,-1,-1,-1
2026-06-27 01:38:34.945265,884831180,31991082,1.01,8.4,101.0,0.8848069793574531,0.10638750585131282,0.008848069793574533,11.9,1,1,-1
2026-06-27 01:38:34.945299,882033592,31907951,1.65,2.55,8.5,0.543113725298509,0.35142652813432934,0.10542795844029879,11.59,1,1,-1
2026-06-27 01:39:04.952826,882081936,31909278,1.9,2.45,5.5,0.4714823877754046,0.36563940276459944,0.16287573395877614,11.63,1,-1,-1
2026-06-27 01:39:04.952870,884831180,31991082,1.03,7.4,67.0,0.8661555771324534,0.12055949249276038,0.013315526036513835,12.09,1,-1,-1
2026-06-27 01:39:04.952893,882064519,31908718,1.125,5.0,34.0,0.7948572734408377,0.1788428865241885,0.026300424488851247,11.83,1,-1,1
2026-06-27 01:39:34.956583,882033592,31907951,1.64,2.6,8.25,0.5465723355691786,0.34476101166671264,0.10865195519193369,11.56,1,-1,-1
2026-06-27 01:39:34.956621,884831180,31991082,1.04,7.0,61.0,0.8579036951627957,0.12745997756704394,0.014626554802775535,12.08,-1,-1,1
2026-06-27 01:39:34.956641,885515182,32013239,1.68,3.4,4.333,0.5314151372539015,0.2625815972313396,0.20604141024383904,12.01,1,-1,-1
2026-06-27 01:40:04.959774,882033592,31907951,1.571,2.6,9.4,0.5645563081404786,0.3411222923418045,0.0943529744775204,12.75,-1,-1,-1
2026-06-27 01:40:34.963958,882033592,31907951,1.55,2.75,8.75,0.5744468794609391,0.3237791502416202,0.1017591615045092,12.31,1,1,-1
2026-06-27 01:40:34.963996,884831180,31991082,1.04,7.2,67.0,0.8620570750748265,0.12451935528858607,0.013381184448922681,11.54,-1,1,1
2026-06-27 01:40:34.964024,882081954,31909279,2.25,2.25,4.2,0.39436064280784777,0.39436064280784777,0.21126463007563273,12.7,-1,-1,1
2026-06-27 01:41:04.965941,882064519,31908718,1.111,5.1,34.0,0.7996535261202027,0.17419903284696966,0.026129854927045445,12.56,1,-1,-1
2026-06-27 01:41:04.965984,882033592,31907951,1.533,2.75,9.2,0.5800424335842713,0.3233472911580683,0.09665272290050955,12.46,-1,-1,1
2026-06-27 01:41:04.966008,884831180,31991082,1.03,7.4,71.0,0.8667742044529657,0.12064559872791278,0.012574330008261334,12.01,-1,1,1
2026-06-27 01:41:04.966035,885515182,32013239,1.727,3.35,4.2,0.5190380025092374,0.26757571054729934,0.21342348341272688,11.56,1,-1,-1
2026-06-27 01:41:34.968581,884831180,31991082,1.025,7.5,76.0,0.869449920771376,0.11882482250542137,0.011726133799877109,12.21,1,-1,1
2026-06-27 01:42:04.972520,882033592,31907951,1.5,2.95,9.25,0.5985515053570359,0.30434822306289966,0.09706240627411396,11.38,1,1,-1
2026-06-27 01:42:04.972587,884831180,31991082,1.025,7.5,76.0,0.869449920771376,0.11882482250542137,0.011726133799877109,12.21,1,1,-1
2026-06-27 01:42:04.972636,882081980,31909280,1.125,5.4,21.0,0.7924479708379147,0.16509332725789888,0.04245256986631686,12.17,-1,-1,1
2026-06-27 01:42:34.977317,882033592,31907951,1.5,2.9,9.25,0.5954507562224604,0.30799177045989334,0.09655958209012873,11.96,1,-1,-1
2026-06-27 01:42:34.977378,884831180,31991082,1.03,7.4,76.0,0.8674712173050099,0.12074261538164324,0.011756517813475791,11.92,1,1,-1
2026-06-27 01:42:34.977416,882081980,31909280,1.1,5.75,26.0,0.810602683094881,0.15507181763554245,0.03429472890016805,12.15,1,1,-1
2026-06-27 01:43:04.979987,882033592,31907951,1.45,3.0,9.6,0.6118303516800861,0.2957180033120416,0.09241187603501302,12.72,1,-1,1
2026-06-27 01:43:04.980046,884831180,31991082,1.03,7.4,76.0,0.8674712173050099,0.12074261538164324,0.011756517813475791,11.92,-1,-1,1
2026-06-27 01:43:04.980074,881891717,31903378,1.363,3.7,10.6,0.6680103025892947,0.24608055200789422,0.0858960417386046,9.83,1,1,-1
2026-06-27 01:43:34.983093,884831180,31991082,1.025,7.5,81.0,0.870070236419835,0.11890959897737745,0.011010148053460875,12.13,1,1,-1
2026-06-27 01:43:34.983154,882033592,31907951,1.444,3.0,10.0,0.6150819572104704,0.2960594487373064,0.08881783462119193,12.59,-1,1,-1
2026-06-27 01:43:34.983189,882064519,31908718,1.1,5.25,41.0,0.8087997411840827,0.16946280291476018,0.02169950525128027,12.4,-1,1,-1
2026-06-27 01:43:34.983226,882081980,31909280,1.111,5.6,26.0,0.8057380798504163,0.15985267977032366,0.03442980795053126,11.71,1,-1,1
2026-06-27 01:43:34.983256,885515182,32013239,1.769,3.3,3.95,0.5040491528571901,0.27020089436496036,0.225737456051739,12.15,-1,1,-1
2026-06-27 01:44:04.987103,884831180,31991082,1.025,7.5,81.0,0.870070236419835,0.11890959897737745,0.011010148053460875,12.13,1,1,-1
2026-06-27 01:44:04.987155,882081954,31909279,2.15,2.3,4.6,0.4162859384854269,0.3891368555407252,0.1945684277703626,11.73,-1,1,1
2026-06-27 01:44:04.987190,885515182,32013239,1.8,3.25,3.95,0.4976312751303794,0.27561116776451783,0.22676868233789435,11.64,1,1,-1
2026-06-27 01:44:04.987216,881891717,31903378,1.35,3.75,11.0,0.6744429943920064,0.24279947798112234,0.08277254931174625,9.83,1,-1,1
2026-06-27 01:44:34.991219,884831180,31991082,1.025,7.5,81.0,0.870070236419835,0.11890959897737745,0.011010148053460875,12.13,1,1,-1
2026-06-27 01:44:34.991416,882064519,31908718,1.09,5.4,46.0,0.8159295559058612,0.16469689184025718,0.019333982955160624,12.44,1,-1,-1
2026-06-27 01:44:34.991452,882033592,31907951,1.4,3.35,9.75,0.6403852557698712,0.2676236889784536,0.09195275467464817,11.54,1,1,-1
2026-06-27 01:44:34.991486,882081954,31909279,2.2,2.25,4.333,0.4023238223981719,0.3933832930115458,0.2042724230962331,12.98,-1,-1,-1
2026-06-27 01:45:04.999436,884831180,31991082,1.015,8.0,91.0,0.8787207232223042,0.11148769175882983,0.009801115759018007,12.12,1,1,-1
2026-06-27 01:45:04.999523,882033592,31907951,1.4,3.35,9.75,0.6403852557698712,0.2676236889784536,0.09195275467464817,11.54,-1,-1,1
2026-06-27 01:45:04.999609,882064519,31908718,1.083,5.75,51.0,0.8267177313674978,0.1557104874906087,0.017555594177862746,11.69,1,-1,1
2026-06-27 01:45:35.002902,882081954,31909279,2.15,2.35,4.2,0.4120814025602617,0.37701064489555863,0.21094643226299112,12.87,-1,-1,1
2026-06-27 01:45:35.002938,885515457,32013246,1.85,3.45,3.5,0.48431192593902017,0.2597034965180254,0.25599344656776785,11.61,-1,1,-1
2026-06-27 01:45:35.002958,881891717,31903378,1.35,3.7,11.0,0.6722395323901812,0.2452765861423634,0.08250212442970406,10.19,1,1,-1
2026-06-27 01:45:35.002973,882033592,31907951,1.363,3.45,10.75,0.6570622562545427,0.25958720442751937,0.08330938188604109,11.66,-1,1,-1
2026-06-27 01:45:35.002988,884831180,31991082,1.025,7.6,81.0,0.8714691881175177,0.11753367339742836,0.011027850837289575,11.95,1,-1,-1
2026-06-27 01:46:05.006212,885515457,32013246,1.85,3.4,3.5,0.4824531779190829,0.26251128798538337,0.25501096547151525,12.04,-1,-1,1
2026-06-27 01:46:05.006283,884831180,31991082,1.015,8.0,101.0,0.8795836754547338,0.11159717882331933,0.008839380500856977,12.01,1,1,-1
2026-06-27 01:46:05.006310,882033592,31907951,1.35,3.45,12.0,0.6649975228842272,0.26021642199817585,0.07481222132447556,11.39,-1,-1,1
2026-06-27 01:46:35.012877,882033592,31907951,1.3,3.55,15.0,0.688288089862893,0.2520491596681017,0.05965163445478407,11.76,-1,-1,1
2026-06-27 01:46:35.013071,882064519,31908718,1.071,5.8,56.0,0.8307000142880402,0.15339305436249845,0.01588713777325877,12.4,-1,1,1
2026-06-27 01:46:35.013095,882081954,31909279,2.1,2.375,4.4,0.4234686315611171,0.37443542159088244,0.20211002869962405,12.45,1,-1,1
2026-06-27 01:46:35.013124,884831180,31991082,1.02,7.6,91.0,0.8730117158172263,0.11716736185968037,0.009785406045423856,12.3,-1,-1,1
2026-06-27 01:47:05.019389,882033592,31907951,1.222,3.9,20.0,0.7275990091265654,0.22798102285965718,0.044456299457633144,12.47,1,1,-1
2026-06-27 01:47:05.019436,885515182,32013239,1.85,3.2,3.8,0.48426853658890917,0.2799677477154632,0.23576231386565316,11.62,-1,1,-1
2026-06-27 01:47:35.023024,882064519,31908718,1.062,6.2,61.0,0.8412575589094812,0.14409927863901115,0.014646156189538838,11.93,1,-1,1
2026-06-27 01:47:35.024357,882033592,31907951,1.2,4.1,23.0,0.7435828797477767,0.21763401358471515,0.03879562850857965,12.07,1,1,-1
2026-06-27 01:47:35.024430,881891717,31903378,1.333,3.75,12.0,0.6818647035872766,0.2423801733018239,0.07574380415681996,10.02,1,1,-1
2026-06-27 01:47:35.024487,884831180,31991082,1.015,8.0,101.0,0.8795836754547338,0.11159717882331933,0.008839380500856977,12.01,-1,1,1
2026-06-27 01:48:05.030109,882064519,31908718,1.09,5.6,46.0,0.820820607193836,0.1597668681859431,0.019449879605245246,11.77,1,-1,-1
2026-06-27 01:48:35.033508,885515182,32013239,1.85,3.2,3.8,0.48426853658890917,0.2799677477154632,0.23576231386565316,11.62,1,1,-1
2026-06-27 01:48:35.033628,882081980,31909280,1.1,5.6,26.0,0.8072914564345165,0.1585751075139229,0.034154638541460315,12.61,1,1,-1
2026-06-27 01:48:35.033819,882033592,31907951,1.181,4.333,26.0,0.7587276440899668,0.20679837241408972,0.034463744141163495,11.6,1,1,-1
2026-06-27 01:48:35.033951,882064519,31908718,1.062,6.25,67.0,0.8433672957343324,0.14330497089117777,0.013368001015968077,11.65,-1,1,1
2026-06-27 01:48:35.034022,881891717,31903378,1.95,2.95,4.1,0.4680300381678497,0.3093757879414599,0.22259965229934314,9.57,-1,-1,1
2026-06-27 01:49:05.036991,882081980,31909280,1.083,6.0,31.0,0.8227399395565876,0.14850455908996404,0.028742817888380137,12.23,-1,1,1
2026-06-27 01:49:05.037117,884831180,31991082,1.01,8.4,126.0,0.886311887835458,0.10656845318021578,0.007104563545347719,11.71,-1,1,1
2026-06-27 01:49:05.037217,882033592,31907951,1.166,4.4,29.0,0.766154129984484,0.20303084444588823,0.030804679846962352,11.94,1,-1,1
2026-06-27 01:49:05.037268,885515182,32013239,1.8,3.25,3.9,0.4961646472765523,0.27479888156855203,0.22899906797379338,11.97,-1,1,-1
2026-06-27 01:49:05.037440,882064519,31908718,1.05,6.6,76.0,0.8525476254417262,0.1356325767748201,0.01177861850939227,11.71,1,-1,1
2026-06-27 01:49:05.037518,881891717,31903378,1.95,3.1,3.8,0.4667945683784024,0.2936288413993176,0.23953931798365383,9.86,1,-1,1
2026-06-27 01:49:35.041036,885515182,32013239,1.75,3.2,4.2,0.5092946269416858,0.27852049910873444,0.21220609455903575,12.2,-1,1,-1
2026-06-27 01:49:35.041101,882081980,31909280,1.111,5.6,26.0,0.8057380798504163,0.15985267977032366,0.03442980795053126,11.71,-1,-1,1
2026-06-27 01:49:35.041146,882064519,31908718,1.04,6.8,81.0,0.8578271581215643,0.13119709477153338,0.011014077091931196,12.09,-1,1,1
2026-06-27 01:49:35.041181,882033592,31907951,1.153,4.6,29.0,0.7749309226575543,0.19423812039655658,0.030810184614626212,11.92,1,1,-1
2026-06-27 01:49:35.041213,885515457,32013246,1.85,3.35,3.55,0.48232403010666586,0.2663580464768155,0.2513519593513611,12.07,1,-1,-1
2026-06-27 01:50:05.046015,881891717,31903378,1.909,3.2,3.85,0.47790755251164546,0.2851017242952285,0.23696766694668342,9.61,1,1,1
2026-06-27 01:50:05.047036,882033592,31907951,1.133,4.75,34.0,0.7862217469249687,0.18753457668757675,0.026199683507823226,12.26,1,-1,1
2026-06-27 01:50:05.047305,882064519,31908718,1.025,7.5,101.0,0.8720144405591357,0.1191753068764152,0.008849651500723902,11.88,1,-1,1
2026-06-27 01:50:05.047367,882081980,31909280,1.125,5.4,23.0,0.7953551260637874,0.16569898459662238,0.038903239861815694,11.76,-1,-1,1
2026-06-27 01:50:05.047471,884831180,31991082,1.01,8.25,126.0,0.8846488651724358,0.10830246713020124,0.007091232966858413,11.92,1,-1,0
2026-06-27 01:50:35.050472,882033592,31907951,1.111,5.1,41.0,0.8032214965205248,0.17497629071260845,0.02176534347888544,12.06,1,1,-1
2026-06-27 01:50:35.050522,882064519,31908718,1.015,8.0,126.0,0.8810782282926555,0.11178680021463065,0.007097574616801945,11.82,-1,1,1
2026-06-27 01:50:35.050550,885515182,32013239,1.7,3.25,4.4,0.5237137590078766,0.2739425816348893,0.20234395234395233,12.32,-1,1,-1
2026-06-27 01:50:35.050574,881891717,31903378,1.9,3.2,3.9,0.48056591442082197,0.28533601168736306,0.2341218557434774,9.52,-1,1,-1
2026-06-27 01:50:35.050599,885515457,32013246,1.833,3.35,3.65,0.48797293116556234,0.26700130830641067,0.24505599529492486,11.8,-1,-1,1
2026-06-27 01:51:05.052520,881891717,31903378,1.909,3.3,3.65,0.4758670678670191,0.2752818886539817,0.24888499522140808,10.08,1,-1,1
2026-06-27 01:51:05.052589,882064519,31908718,1.01,8.2,126.0,0.8840169731258839,0.10888501742160278,0.007086167800453513,12.0,1,1,-1
2026-06-27 01:51:35.056656,882033592,31907951,1.083,5.75,51.0,0.8267177313674978,0.1557104874906087,0.017555594177862746,11.69,1,1,-1
2026-06-27 01:51:35.056716,881891717,31903378,1.909,3.35,3.55,0.47448774303262187,0.2703871944624702,0.2551541130843029,10.4,-1,1,1
2026-06-27 01:52:05.077280,882033592,31907951,1.03,6.6,501.0,0.8634594329489211,0.13475200241475588,0.0017751760797153468,12.44,1,1,-1
2026-06-27 01:52:05.077330,881891717,31903378,1.833,3.5,3.75,0.49690658260597387,0.2602370759762143,0.24288793757780003,9.79,-1,1,1
2026-06-27 01:52:35.091864,882033592,31907951,1.1,6.6,16.0,0.8094478756040504,0.13490797926734174,0.05564954144777847,12.31,1,-1,1
2026-06-27 01:52:35.091978,881891717,31903378,1.222,4.333,18.0,0.7407717982842836,0.20891371740212197,0.05029017430574414,10.47,1,-1,1
2026-06-27 01:53:05.098701,881891717,31903378,1.25,4.1,16.0,0.7230657989877078,0.2204468899352768,0.05648951554591468,10.64,1,-1,1
2026-06-27 01:53:05.098920,882033592,31907951,1.071,7.6,18.0,0.8330717488042088,0.11739734775911942,0.04956776905385042,12.08,1,-1,1
2026-06-27 01:53:35.101933,882033592,31907951,1.062,7.5,20.0,0.8369951872776731,0.11851851851851852,0.044444444444444446,12.5,1,-1,1
2026-06-27 01:53:35.102045,881891717,31903378,1.285,4.0,15.0,0.7107590800360923,0.22833135446159467,0.06088836118975858,9.49,-1,1,-1
2026-06-27 01:53:35.102080,885515457,32013246,1.25,5.0,8.8,0.7183908045977012,0.1795977011494253,0.10204414838035528,11.36,-1,1,1
2026-06-27 01:53:35.102108,885515182,32013239,1.8,3.1,4.2,0.49772044038304564,0.2889989653837039,0.2133087601641624,11.62,-1,1,-1
2026-06-27 01:54:05.105775,885515457,32013246,1.25,4.8,8.2,0.7077766964522693,0.18431684803444512,0.10789278909333373,13.03,-1,-1,1
2026-06-27 01:55:05.118602,881891717,31903378,1.25,4.1,16.0,0.7230657989877078,0.2204468899352768,0.05648951554591468,10.64,1,1,-1
2026-06-27 01:55:35.132907,885515457,32013246,1.285,4.75,8.2,0.7006483449459958,0.18954381542223253,0.10979672234824447,11.07,1,1,-1
2026-06-27 01:56:05.136234,881891717,31903378,1.285,4.0,16.0,0.7134960270757472,0.2292105986980838,0.05730264967452095,9.07,-1,-1,1
2026-06-27 01:58:05.171342,885515457,32013246,1.3,4.6,7.5,0.6868131868131867,0.19409937888198758,0.11904761904761904,12.0,1,1,-1
2026-06-27 01:59:05.185103,881891717,31903378,1.25,4.1,17.0,0.725491974245035,0.22118657751373016,0.05334499810625257,10.27,1,1,-1
2026-06-27 01:59:05.185233,885515182,32013239,1.8,3.0,4.333,0.4961646472765523,0.29769878836593133,0.20611501617765846,11.97,1,1,-1
2026-06-27 01:59:35.189799,885515182,32013239,1.75,3.1,4.5,0.5119410243939897,0.2889989653837039,0.19908817615321822,11.62,1,-1,1
2026-06-27 01:59:35.189837,881891717,31903378,1.222,4.4,20.0,0.7469246126000805,0.20744133559029507,0.04563709382986492,9.56,1,1,-1
2026-06-27 02:00:05.198450,881891717,31903378,1.25,4.1,17.0,0.725491974245035,0.22118657751373016,0.05334499810625257,10.27,-1,1,-1
2026-06-27 02:02:05.221467,885515182,32013239,2.3,2.75,3.1,0.3878524609238646,0.3243856945908686,0.28776150326609307,12.1,1,-1,-1
2026-06-27 02:02:35.259935,885515182,32013239,2.05,3.1,3.2,0.43441524449976004,0.2872745971691961,0.27829726600765875,12.29,1,-1,-1
2026-06-27 02:03:05.330849,885516549,32013281,1.45,4.333,5.0,0.61554370975883,0.205986240283938,0.1785076758300607,12.04,-1,1,1
2026-06-27 02:03:05.330901,885516953,32013304,2.333,2.5,3.45,0.3832209761366382,0.35762181493071077,0.2591462427034136,11.85,1,-1,-1
2026-06-27 02:03:35.346045,885516359,32013276,2.05,3.0,3.4,0.437375484666709,0.29887324785558445,0.26371168928433925,11.53,-1,-1,1
2026-06-27 02:04:05.350519,885516359,32013276,1.95,3.2,3.45,0.4598462274215503,0.28021879483500717,0.2599130850643545,11.52,1,1,-1
2026-06-27 02:04:05.350583,885516953,32013304,2.35,2.5,3.4,0.3800749507802939,0.35727045373347627,0.2626988630393208,11.96,-1,-1,1
2026-06-27 02:04:05.350617,885515644,32013251,1.55,4.2,4.2,0.575317719210434,0.2123196344705173,0.2123196344705173,12.14,1,1,-1
2026-06-27 02:04:35.353526,885516359,32013276,2.05,2.95,3.4,0.4351903631445986,0.3024204218462464,0.26239418954306676,12.09,-1,1,-1
2026-06-27 02:05:05.356668,885515457,32013246,1.3,4.4,8.0,0.6858945780033608,0.20265067077372026,0.11145786892554616,12.15,-1,1,-1
2026-06-27 02:05:35.359756,885516359,32013276,2.0,3.0,3.55,0.4484304932735426,0.29895366218236175,0.25263689761889724,11.5,1,1,-1
2026-06-27 02:05:35.359793,881891717,31903378,1.181,4.6,26.0,0.7679485314750617,0.19716243818957566,0.03488258521815569,10.26,1,1,-1
2026-06-27 02:05:35.359811,882081980,31909280,1.111,5.6,26.0,0.8057380798504163,0.15985267977032366,0.03442980795053126,11.71,1,1,-1
2026-06-27 02:06:05.362462,885515644,32013251,1.64,3.8,4.1,0.5459850443776644,0.23563565073141304,0.2183940177510658,11.68,-1,-1,1
2026-06-27 02:06:05.362602,881891717,31903378,1.181,4.6,26.0,0.7679485314750617,0.19716243818957566,0.03488258521815569,10.26,1,-1,1
2026-06-27 02:06:05.362675,882081936,31909278,2.0,2.2,5.8,0.44365572315882873,0.4033233846898443,0.15298473212373406,12.7,-1,-1,1
2026-06-27 02:06:35.367107,881891717,31903378,1.181,4.6,26.0,0.7679485314750617,0.19716243818957566,0.03488258521815569,10.26,1,-1,1
2026-06-27 02:06:35.367159,885515644,32013251,1.55,4.2,4.2,0.575317719210434,0.2123196344705173,0.2123196344705173,12.14,1,1,-1
2026-06-27 02:07:05.372839,882081980,31909280,1.1,5.6,29.0,0.8101692443551457,0.15914038728404648,0.030730557544505526,12.21,1,1,-1
2026-06-27 02:07:05.372977,885516359,32013276,1.909,3.2,3.5,0.46687564020322164,0.27852049910873444,0.2546473134708429,12.2,1,-1,-1
2026-06-27 02:07:05.373031,885516549,32013281,1.48,4.2,4.8,0.6021528167504461,0.2121871830453953,0.1856637851647209,12.21,1,-1,-1
2026-06-27 02:07:05.373064,881891717,31903378,1.181,4.6,26.0,0.7679485314750617,0.19716243818957566,0.03488258521815569,10.26,1,-1,1
2026-06-27 02:08:05.380428,882081936,31909278,2.1,2.15,5.75,0.4270000683200109,0.41706983417303395,0.1559478510386127,11.52,1,-1,1
2026-06-27 02:08:05.380495,881891717,31903378,1.166,4.75,29.0,0.777827800747897,0.19093625593095742,0.03127404191972579,10.26,1,-1,1
2026-06-27 02:08:35.383357,885515644,32013251,1.533,4.2,4.333,0.581801392087827,0.2123575081120568,0.20583926472897265,12.12,1,-1,1
2026-06-27 02:08:35.383428,885515599,32013250,2.3,2.55,3.4,0.38781786521777917,0.3497965058827028,0.26234737941202707,12.11,-1,1,-1
2026-06-27 02:09:05.393787,885515182,32013239,1.95,3.1,3.55,0.4590641060070834,0.28876613119800404,0.2521619737222007,11.71,1,-1,1
2026-06-27 02:09:05.393837,881891717,31903378,1.166,4.75,29.0,0.777827800747897,0.19093625593095742,0.03127404191972579,10.26,-1,1,1
2026-06-27 02:09:05.393871,885516359,32013276,1.285,5.0,7.4,0.6990120513172707,0.1796460971885386,0.12138249810036389,11.33,-1,-1,1
2026-06-27 02:09:05.393900,885515644,32013251,1.533,4.2,4.4,0.5836232627797008,0.21302249091459077,0.20333965041847302,11.77,-1,1,1
2026-06-27 02:09:35.400753,885516359,32013276,1.363,4.5,6.0,0.6535504323301465,0.19795316428133103,0.14846487321099827,12.26,-1,-1,1
2026-06-27 02:09:35.400832,881891717,31903378,1.181,4.5,26.0,0.7646198761101708,0.20067023859691369,0.034731387449465835,10.74,-1,-1,-1
2026-06-27 02:10:05.404709,881891717,31903378,1.153,4.8,31.0,0.7828348123822861,0.18804344555766167,0.029116404473444386,10.79,1,-1,1
2026-06-27 02:10:35.407321,885515644,32013251,1.55,4.1,4.333,0.5760883028150555,0.21778948033252102,0.20607820663820356,11.99,1,-1,-1
2026-06-27 02:10:35.407380,882081936,31909278,2.1,2.2,5.4,0.4267322127345427,0.4073352939738817,0.16595141606343328,11.59,-1,-1,1
2026-06-27 02:10:35.407399,885515182,32013239,2.05,3.0,3.4,0.437375484666709,0.29887324785558445,0.26371168928433925,11.53,1,1,-1
2026-06-27 02:10:35.407415,882081954,31909279,1.9,2.625,4.75,0.4708496953602471,0.3408054937845598,0.18833987814409886,11.78,-1,1,1
2026-06-27 02:11:35.416621,881891717,31903378,1.125,5.4,41.0,0.8091842411369038,0.16858005023685496,0.02220322612875651,9.85,-1,1,1
2026-06-27 02:12:05.420732,885515457,32013246,1.3,4.333,8.25,0.6860781031312604,0.20583926472897265,0.1081092768570471,12.12,-1,1,-1
2026-06-27 02:12:05.420769,881891717,31903378,1.111,5.5,46.0,0.8155944264234325,0.16475007413753337,0.019698378429487684,10.36,-1,-1,1
2026-06-27 02:12:35.425652,885515457,32013246,1.285,4.4,8.8,0.6953892563055291,0.2030852714437738,0.1015426357218869,11.91,-1,1,1
2026-06-27 02:12:35.425752,885515599,32013250,2.3,2.55,3.35,0.386336066017107,0.3484599811134691,0.2652456572654764,12.54,-1,-1,1
2026-06-27 02:12:35.425814,881891717,31903378,1.125,5.4,41.0,0.8091842411369038,0.16858005023685496,0.02220322612875651,9.85,1,-1,1
2026-06-27 02:13:05.429531,885515457,32013246,1.3,4.333,8.6,0.6890896436717452,0.2067427963935538,0.10416471357828706,11.63,1,1,-1
2026-06-27 02:13:05.429573,885516953,32013304,1.5,4.1,4.75,0.5946540600005946,0.21755636341485174,0.18778549263176672,12.11,1,1,-1
2026-06-27 02:13:05.429595,881891717,31903378,1.125,5.5,41.0,0.8116965472458121,0.16602883920937067,0.022272161357354603,9.51,1,-1,1
2026-06-27 02:13:05.429616,885515182,32013239,1.95,3.0,3.65,0.4578345797879768,0.2975924768621849,0.24459655632508345,12.01,-1,1,1
2026-06-27 02:13:35.434959,881891717,31903378,1.111,5.6,46.0,0.8179662022908942,0.16227865191878277,0.01975566197272138,10.04,1,-1,1
2026-06-27 02:13:35.435084,885515644,32013251,2.35,2.35,3.75,0.38072104759203457,0.38072104759203457,0.23858518982434168,11.77,1,1,-1
2026-06-27 02:13:35.435210,885516359,32013276,1.4,4.333,5.8,0.6391818472355386,0.20652079070615137,0.15428527347064724,11.75,-1,-1,1
2026-06-27 02:14:05.279525,885515182,32013239,2.05,2.95,3.45,0.4368662708658253,0.3035850356864209,0.25958720442751937,11.66,1,-1,-1
2026-06-27 02:14:05.279595,882081954,31909279,1.833,2.75,4.75,0.4872320595187093,0.32476231458101606,0.18802028738900928,11.97,-1,1,-1
2026-06-27 02:14:05.279651,885516359,32013276,1.4,4.333,5.8,0.6391818472355386,0.20652079070615137,0.15428527347064724,11.75,-1,-1,1
2026-06-27 02:45:30.442189,882081954,31909279,1.04,6.8,76.0,0.8571389387934226,0.1310918376978176,0.0117292696887521,12.18,-1,1,1
2026-06-27 02:45:30.442245,882081936,31909278,1.333,4.75,6.4,0.6716092631036005,0.18847476794044196,0.13988361683079678,11.7,1,-1,-1
2026-06-27 02:45:30.442283,885515457,32013246,1.25,4.2,14.0,0.7210455159981974,0.21459687976136826,0.06437906392841049,10.95,1,1,1
2026-06-27 02:45:30.442313,885516359,32013276,1.35,4.0,7.5,0.6589633846995291,0.22240014233609107,0.11861340924591524,12.41,-1,-1,1
2026-06-27 02:45:30.453894,885517153,32013309,1.363,3.9,7.25,0.6504217334519702,0.22731405710129116,0.1222792858889704,12.8,-1,-1,1
2026-06-27 02:46:00.457334,882081954,31909279,1.083,5.75,46.0,0.8251662503702935,0.15541826941757003,0.019427283677196254,11.9,1,-1,-1
2026-06-27 02:46:00.457410,885515182,32013239,1.181,4.75,17.0,0.7586596638333509,0.18862675010256577,0.05270453311689338,11.61,-1,1,1
2026-06-27 02:46:00.457451,885516359,32013276,1.333,4.2,8.25,0.6761492085504478,0.21459687976136826,0.10924932060578749,10.95,1,1,-1
2026-06-27 02:46:30.467172,885517153,32013309,1.333,4.0,8.2,0.6685567657844413,0.22279654219766507,0.108681240096422,12.21,1,1,-1
2026-06-27 02:46:30.467245,882081954,31909279,1.02,7.75,101.0,0.875897576041048,0.1152794229112089,0.008845698292691773,11.93,1,1,-1
2026-06-27 02:46:30.467296,885516359,32013276,1.35,4.0,7.6,0.6600202626220624,0.22275683863494608,0.11724044138681372,12.23,-1,-1,1
2026-06-27 02:46:30.467343,885516953,32013304,1.111,6.5,15.0,0.8032214965205248,0.13728908963604664,0.059491938842286866,12.06,1,1,-1
2026-06-27 02:46:30.467394,882081936,31909278,1.285,5.1,6.8,0.6940248967551214,0.17486705731967275,0.13115029298975456,12.13,-1,-1,1
2026-06-27 02:46:30.467442,885515182,32013239,2.2,2.3,4.4,0.4070799342158826,0.38938080664127905,0.2035399671079413,11.66,1,-1,-1
2026-06-27 02:47:00.472300,885516549,32013281,1.615,3.1,5.5,0.5510813870057214,0.28709562581104514,0.16181753454804365,12.36,-1,-1,1
2026-06-27 02:47:00.472355,885515182,32013239,2.15,2.25,4.8,0.41606250923138693,0.3975708421544364,0.1863613322598921,11.79,1,-1,-1
2026-06-27 02:47:00.472383,885515644,32013251,1.222,4.8,10.0,0.7263074514641413,0.18490577201857933,0.08875477056891808,12.67,1,-1,-1
2026-06-27 02:47:30.475675,882081936,31909278,1.333,4.75,6.4,0.6716092631036005,0.18847476794044196,0.13988361683079678,11.7,1,-1,-1
2026-06-27 02:47:30.475720,885515644,32013251,1.2,5.1,11.0,0.7438483739474545,0.1750231468111658,0.08114709533972231,12.03,1,1,-1
2026-06-27 02:47:30.475745,885515182,32013239,2.1,2.2,5.25,0.4247150162241136,0.40540978821392665,0.16988600648964544,12.12,1,1,-1
2026-06-27 02:48:00.480033,885515644,32013251,1.222,5.0,10.25,0.7333368631281012,0.17922752934850797,0.08742806309683315,11.59,-1,1,-1
2026-06-27 02:48:00.480094,882081954,31909279,1.03,6.6,501.0,0.8634594329489211,0.13475200241475588,0.0017751760797153468,12.44,-1,1,1
2026-06-27 02:48:00.480131,882081936,31909278,1.3,4.8,6.6,0.6812778046504022,0.18451273875948396,0.13419108273417016,12.91,1,1,-1
2026-06-27 02:48:30.483023,882081936,31909278,1.285,5.2,7.0,0.6989492695630659,0.17272111757471914,0.1283071159126485,11.34,1,-1,1
2026-06-27 02:48:30.483090,885515599,32013250,1.363,3.85,7.6,0.6521561914078422,0.23088023088023085,0.11695906432748537,12.5,-1,1,1
2026-06-27 02:49:00.486080,885515644,32013251,1.2,5.0,11.0,0.7412678645555357,0.1779042874933286,0.08086558522424027,12.42,1,1,-1
2026-06-27 02:49:00.486144,882081936,31909278,1.25,5.6,7.5,0.719489162694487,0.1606002595300194,0.11991486044908116,11.19,-1,1,1
2026-06-27 02:49:00.486177,885515599,32013250,1.4,3.75,7.0,0.6355986067678541,0.2372901465266655,0.1271197213535708,12.38,-1,-1,1
2026-06-27 02:49:30.491902,882081936,31909278,1.222,5.75,7.75,0.7298052310395506,0.15509947692701406,0.11507380546197818,12.13,1,1,-1
2026-06-27 02:50:00.495761,882081936,31909278,1.222,5.8,7.8,0.7313706368439075,0.15409222727987157,0.1145813997722122,11.89,-1,1,1
2026-06-27 02:50:30.499824,882081936,31909278,1.222,6.0,7.75,0.7345876172034542,0.14961101137043684,0.11582787977066078,11.4,-1,1,1
2026-06-27 02:51:00.503465,885515182,32013239,2.0,2.333,5.25,0.4467875971763024,0.3830155140816994,0.17020479892430565,11.91,1,1,-1
2026-06-27 02:51:00.503526,882081936,31909278,1.2,6.25,8.0,0.7451786938507854,0.1430743092193508,0.11177680407761781,11.83,-1,1,1
2026-06-27 02:51:30.513713,882081936,31909278,1.181,6.6,8.4,0.7578448499099643,0.13560829814297998,0.1065493771123414,11.73,1,-1,1
2026-06-27 02:52:00.518515,882081936,31909278,1.153,7.0,8.8,0.7717589327623552,0.1271197213535708,0.10111796016761314,12.38,-1,1,1
2026-06-27 02:52:00.518554,885515182,32013239,1.95,2.333,5.5,0.45653032388543835,0.3815834254507521,0.1618607511957463,12.33,1,-1,-1
2026-06-27 02:52:30.527344,885515457,32013246,2.0,2.9,3.65,0.446907400786557,0.3082120005424531,0.24488076755427782,11.88,1,1,1
2026-06-27 02:53:00.531256,882081936,31909278,1.125,7.75,9.75,0.7932966433635776,0.11515596435922902,0.09153422808041281,12.05,-1,1,1
2026-06-27 02:53:00.531319,885515457,32013246,1.95,2.7,4.1,0.4549911390475671,0.32860471153435394,0.21639822466896483,12.71,-1,1,-1
2026-06-27 02:53:00.531354,885515182,32013239,1.909,2.35,5.6,0.46443343231493456,0.3772780520379618,0.15832203969450181,12.79,1,1,-1
2026-06-27 02:53:30.533904,882081936,31909278,1.111,8.2,10.25,0.8039389147918008,0.1089239188211818,0.08713913505694543,11.96,1,1,-1
2026-06-27 02:54:00.535696,882081936,31909278,1.083,9.0,11.0,0.8204736397408552,0.09873032798214955,0.08077935925812237,12.54,-1,-1,1
2026-06-27 02:54:30.544758,882081936,31909278,1.062,10.25,12.0,0.8388593190978906,0.08691400945189853,0.07423904974016332,12.25,-1,1,1
2026-06-27 02:54:30.544819,885515457,32013246,1.9,2.625,4.8,0.471778226491291,0.341477573460363,0.18674554798613602,11.56,1,-1,1
2026-06-27 02:55:00.550542,885515182,32013239,1.85,2.5,5.5,0.4815934965614223,0.3563791874554526,0.16199053975247846,12.24,-1,1,1
2026-06-27 02:55:00.550615,885515457,32013246,1.85,2.875,4.2,0.47984069288996045,0.3087670545552789,0.21135840043962545,12.65,-1,-1,1
2026-06-27 02:55:00.550653,882081936,31909278,1.05,10.8,13.0,0.8489000377760517,0.08253194811711614,0.06856500305114265,12.19,1,-1,1
2026-06-27 02:55:30.560003,882081936,31909278,1.071,9.75,11.0,0.8283417459721054,0.09099015486524357,0.08065036453964772,12.72,-1,1,-1
2026-06-27 02:55:30.560071,885515457,32013246,1.833,2.4,6.2,0.4855841006169103,0.37086485684616527,0.1435605897469027,12.35,-1,1,-1
2026-06-27 02:56:00.546622,885515457,32013246,1.833,2.75,4.75,0.4872320595187093,0.32476231458101606,0.18802028738900928,11.97,1,-1,-1
